-- phpMyAdmin SQL Dump
-- version 5.1.2
-- https://www.phpmyadmin.net/
--
-- Servidor: 127.0.0.1
-- Tiempo de generación: 09-12-2023 a las 04:29:22
-- Versión del servidor: 8.0.30
-- Versión de PHP: 7.4.33

SET SQL_MODE = "NO_AUTO_VALUE_ON_ZERO";
START TRANSACTION;
SET time_zone = "+00:00";


/*!40101 SET @OLD_CHARACTER_SET_CLIENT=@@CHARACTER_SET_CLIENT */;
/*!40101 SET @OLD_CHARACTER_SET_RESULTS=@@CHARACTER_SET_RESULTS */;
/*!40101 SET @OLD_COLLATION_CONNECTION=@@COLLATION_CONNECTION */;
/*!40101 SET NAMES utf8mb4 */;

--
-- Base de datos: `laravel_vue_1_test`
--

DELIMITER $$
--
-- Procedimientos
--
CREATE DEFINER=`root`@`localhost` PROCEDURE `lsp_get_available` ()   BEGIN
SELECT 
FORMAT( ((quantity*2)/30) ,2)mounts, 
FORMAT((quantity*2)  ,2) days, 
FORMAT(((quantity*2)/7)  ,2)  semanas, 
FORMAT(((quantity*2)/360)  ,2) years,
'disponivlidad' title  
from medicines  where id = 1;
END$$

CREATE DEFINER=`root`@`localhost` PROCEDURE `lsp_get_earrings` (IN `p_user_id` INT, IN `p_date_search` DATE)   BEGIN
SET sql_mode=(SELECT REPLACE(@@sql_mode,"ONLY_FULL_GROUP_BY",""));
SELECT 
         m.id medicine_id, 
         m.name medicine_name, 
         DATE(lm.created_at) ultima_toma, 
         m.interval_days, 
         DATE(lm.created_at) + interval m.interval_days day proxima_toma, 
         if(yt.id ,1,0 ) ya_tome,
         if(m.is_quantity, m.quantity,"N/A") quantity,
         m.descript,
         time( if(yt.id,yt.created_at,lm.created_at ) ) hora,
         u.name  user_name    
         FROM log_medicines lm 
         INNER JOIN medicines m ON m.id = lm.medicine_id
         INNER JOIN user_medicines um ON  m.id = um.medicine_id 
         INNER JOIN users u ON u.id = um.user_id
         LEFT JOIN (     
            SELECT lm2.id, lm2.medicine_id, lm2.created_at
            FROM 
            log_medicines lm2
            WHERE date(lm2.created_at) = p_date_search
            AND lm2.user_id = p_user_id
         ) yt ON lm.id AND yt.medicine_id = m.id
         WHERE date(lm.created_at) + interval m.interval_days day = p_date_search
         AND m.status = 1
         AND u.id = p_user_id
         GROUP BY m.id 
         ORDER BY lm.id DESC;
END$$

CREATE DEFINER=`root`@`localhost` PROCEDURE `lsp_get_investments` ()   BEGIN

	SET SESSION sql_mode=(SELECT REPLACE(@@sql_mode,'ONLY_FULL_GROUP_BY',''));	 
	SELECT
	it.name,
	i.name type_name, 
	i.entity, 
	#i.valor, 
    if (investment_type_id = 3,
		(SELECT current_investment FROM  investment_payments WHERE  investment_id = id order by id desc limit 1), 
        i.valor 
        ) valor,
	i.status,
	i.term - (DATEDIFF( date(curdate()) ,date(i.created_at))) days_restantes,
	date(i.created_at) created_at, 
	date(i.expire) expire,
	i.term,  
	DATEDIFF( date(curdate()) ,date(i.created_at)) days_true,
	if(curdate() =  date(i.expire), 1 , 0 ) retiro,
	g.profit_obtained

	FROM investments i 
	JOIN investments_types it ON it.id = investment_type_id 
    LEFT JOIN (
		SELECT investment_id,  sum(current_profit)  profit_obtained, current_investment
		FROM  investment_payments ip 
        GROUP BY investment_id
    ) g ON g.investment_id = i.id ;
    

    
    
END$$

CREATE DEFINER=`root`@`localhost` PROCEDURE `lsp_get_permissions` (IN `p_offset` INT, IN `p_limit` INT)   BEGIN

	SET @count = (
    SELECT count(id) 
    FROM permissions
    );

	SELECT
    *,
    @count count
    FROM permissions
    LIMIT  p_offset, p_limit;

END$$

CREATE DEFINER=`root`@`localhost` PROCEDURE `lsp_get_progress__bar_lv1` (IN `p_user_id` INT)   BEGIN
	SELECT m.id, m.name, m.quantity, 
	(select max(quantity) from  medicines where is_quantity = 1 and um.user_id = p_user_id  ) max_quantity
	from
	medicines m
	INNER JOIN user_medicines um ON  m.id = um.medicine_id 
	where is_quantity = 1
	and um.user_id = p_user_id 
	order by quantity desc;

END$$

CREATE DEFINER=`root`@`localhost` PROCEDURE `lsp_get_users` (IN `p_offset` INT, IN `p_limit` INT)   BEGIN

	SET @count = (
    SELECT count(id) 
    FROM users
    );

	SELECT
    *,
    @count count
    FROM users
    LIMIT  p_offset, p_limit;

END$$

CREATE DEFINER=`root`@`localhost` PROCEDURE `lsp_save_log` (IN `p_medicine_id` INT, IN `p_user_id` INT, IN `p_date` DATETIME)   BEGIN

	UPDATE medicines
	SET 
	quantity  = quantity- 1
	WHERE id =p_medicine_id;
    
    INSERT INTO log_medicines
	SET 
	created_at = p_date,
	updated_at = p_date,
	medicine_id = p_medicine_id,
	user_id 	= p_user_id;
    set @id 	= last_insert_id();
    
    select @id,
    1 status,
    'registro ok' msg ;
    

END$$

DELIMITER ;

-- --------------------------------------------------------

--
-- Estructura de tabla para la tabla `blogs`
--

CREATE TABLE `blogs` (
  `id` bigint UNSIGNED NOT NULL,
  `titulo` varchar(191) COLLATE utf8mb4_unicode_ci NOT NULL,
  `contenido` text COLLATE utf8mb4_unicode_ci NOT NULL,
  `created_at` timestamp NULL DEFAULT NULL,
  `updated_at` timestamp NULL DEFAULT NULL
) ENGINE=InnoDB DEFAULT CHARSET=utf8mb4 COLLATE=utf8mb4_unicode_ci;

-- --------------------------------------------------------

--
-- Estructura de tabla para la tabla `failed_jobs`
--

CREATE TABLE `failed_jobs` (
  `id` bigint UNSIGNED NOT NULL,
  `uuid` varchar(191) COLLATE utf8mb4_unicode_ci NOT NULL,
  `connection` text COLLATE utf8mb4_unicode_ci NOT NULL,
  `queue` text COLLATE utf8mb4_unicode_ci NOT NULL,
  `payload` longtext COLLATE utf8mb4_unicode_ci NOT NULL,
  `exception` longtext COLLATE utf8mb4_unicode_ci NOT NULL,
  `failed_at` timestamp NOT NULL DEFAULT CURRENT_TIMESTAMP
) ENGINE=InnoDB DEFAULT CHARSET=utf8mb4 COLLATE=utf8mb4_unicode_ci;

-- --------------------------------------------------------

--
-- Estructura de tabla para la tabla `investments`
--

CREATE TABLE `investments` (
  `id` int NOT NULL,
  `name` varchar(200) DEFAULT NULL,
  `entity` varchar(200) DEFAULT NULL,
  `valor` int DEFAULT NULL,
  `status` int DEFAULT NULL,
  `investment_type_id` int NOT NULL,
  `created_at` datetime DEFAULT NULL,
  `updated_at` datetime DEFAULT NULL,
  `expire` datetime DEFAULT NULL,
  `term` int DEFAULT NULL,
  `profit_obtained` int DEFAULT '0'
) ENGINE=InnoDB DEFAULT CHARSET=utf8mb4 COLLATE=utf8mb4_0900_ai_ci;

--
-- Volcado de datos para la tabla `investments`
--

INSERT INTO `investments` (`id`, `name`, `entity`, `valor`, `status`, `investment_type_id`, `created_at`, `updated_at`, `expire`, `term`, `profit_obtained`) VALUES
(1, 'CDT inicial', 'Davivienda', 20000000, 1, 1, '2023-04-12 16:05:44', '2023-10-12 16:05:44', '2023-10-12 16:05:44', 180, 0),
(2, 'EA 10%, debo consignar mas al mes desde davipalta ', 'Pibank', 2000000, 1, 3, '2023-04-18 16:05:44', '2023-04-18 16:05:44', '2023-05-18 16:05:44', 30, 0),
(3, 'CDT dos', 'Pibanck', 8500000, 1, 1, '2023-07-01 16:05:44', '2023-07-01 16:05:44', '2024-07-02 16:05:44', 360, 0),
(4, 'Icfex publicacion cita', 'icfexs', 0, 1, 1, '2023-08-24 16:05:44', '2023-07-01 16:05:44', '2023-09-16 16:05:44', 23, 0);

-- --------------------------------------------------------

--
-- Estructura de tabla para la tabla `investments_types`
--

CREATE TABLE `investments_types` (
  `id` int NOT NULL,
  `name` varchar(250) DEFAULT NULL,
  `status` int DEFAULT NULL,
  `created_at` datetime DEFAULT NULL,
  `updated_at` datetime DEFAULT NULL
) ENGINE=InnoDB DEFAULT CHARSET=utf8mb4 COLLATE=utf8mb4_0900_ai_ci;

--
-- Volcado de datos para la tabla `investments_types`
--

INSERT INTO `investments_types` (`id`, `name`, `status`, `created_at`, `updated_at`) VALUES
(1, 'CDT', 1, '2023-04-16 16:01:39', '2023-04-16 16:01:39'),
(2, 'Fondo de invercion', 1, '2023-04-16 16:01:39', '2023-04-16 16:01:39'),
(3, 'Caja interemdia', 1, '2023-04-16 16:01:39', '2023-04-16 16:01:39');

-- --------------------------------------------------------

--
-- Estructura de tabla para la tabla `investment_payments`
--

CREATE TABLE `investment_payments` (
  `id` int NOT NULL,
  `current_investment` int DEFAULT NULL,
  `created_at` datetime DEFAULT NULL,
  `updated_at` datetime DEFAULT NULL,
  `investment_id` int DEFAULT NULL,
  `status` int DEFAULT NULL,
  `current_profit` int DEFAULT NULL
) ENGINE=InnoDB DEFAULT CHARSET=utf8mb4 COLLATE=utf8mb4_0900_ai_ci;

--
-- Volcado de datos para la tabla `investment_payments`
--

INSERT INTO `investment_payments` (`id`, `current_investment`, `created_at`, `updated_at`, `investment_id`, `status`, `current_profit`) VALUES
(1, 2000000, '2023-04-18 12:00:00', '2023-05-03 12:00:00', 2, 1, 7495),
(2, 4313667, '2023-05-03 12:00:00', '2023-05-03 12:00:00', 2, 1, 0),
(3, 4406360, '2023-06-02 15:07:35', '2023-06-02 15:07:35', 2, 1, 36485);

-- --------------------------------------------------------

--
-- Estructura de tabla para la tabla `log_medicines`
--

CREATE TABLE `log_medicines` (
  `id` int NOT NULL,
  `created_at` datetime DEFAULT NULL,
  `updated_at` datetime DEFAULT NULL,
  `medicine_id` int DEFAULT NULL,
  `user_id` int DEFAULT NULL
) ENGINE=InnoDB DEFAULT CHARSET=utf8mb4 COLLATE=utf8mb4_0900_ai_ci;

--
-- Volcado de datos para la tabla `log_medicines`
--

INSERT INTO `log_medicines` (`id`, `created_at`, `updated_at`, `medicine_id`, `user_id`) VALUES
(2, '2023-02-08 14:07:37', '2023-02-09 14:17:27', 1, 1),
(3, '2023-02-06 14:07:37', '2023-02-09 14:18:04', 8, 1),
(4, '2023-02-08 14:07:37', '2023-02-09 14:18:18', 2, 1),
(5, '2023-02-09 14:07:37', '2023-02-09 14:18:34', 8, 1),
(6, '2023-02-08 14:07:37', '2023-02-09 14:18:46', 3, 1),
(7, '2023-02-06 14:07:37', '2023-02-09 14:18:59', 2, 1),
(8, '2023-02-08 14:07:37', '2023-02-09 14:29:49', 7, 1),
(9, '2023-02-09 14:07:37', '2023-02-09 14:30:20', 5, 1),
(10, '2023-02-08 14:07:37', '2023-02-08 14:31:43', 9, 1),
(11, '2023-02-06 14:07:37', '2023-02-09 14:35:24', 5, 1),
(12, '2023-02-09 18:45:55', '2023-02-09 18:45:55', 9, 1),
(13, '2023-02-08 18:47:37', '2023-02-08 18:47:37', 3, 1),
(14, '2023-02-09 19:36:45', '2023-02-09 19:36:45', 4, 1),
(15, '2023-02-09 19:49:55', '2023-02-09 19:49:55', 7, 1),
(16, '2023-02-10 13:01:00', '2023-02-10 13:01:00', 3, 1),
(17, '2023-02-10 13:01:53', '2023-02-10 13:01:53', 9, 1),
(18, '2023-02-10 13:04:31', '2023-02-10 13:04:31', 1, 1),
(19, '2023-02-08 13:04:31', '2023-02-08 13:04:31', 11, 1),
(20, '2023-02-10 13:04:31', '2023-02-10 13:04:31', 10, 1),
(21, '2023-02-10 13:04:31', '2023-02-10 13:04:31', 11, 1),
(23, '2023-02-10 13:04:31', '2023-02-10 13:04:31', 12, 1),
(24, '2023-02-11 17:42:07', '2023-02-11 17:42:07', 9, 9),
(25, '2023-02-11 17:42:34', '2023-02-11 17:42:34', 9, 9),
(26, '2023-02-11 17:43:06', '2023-02-11 17:43:06', 9, 9),
(27, '2023-02-11 17:43:20', '2023-02-11 17:43:20', 9, 9),
(28, '2023-02-11 17:44:13', '2023-02-11 17:44:13', 9, 9),
(29, '2023-02-11 17:45:21', '2023-02-11 17:45:21', 9, 9),
(30, '2023-02-11 17:45:46', '2023-02-11 17:45:46', 9, 9),
(31, '2023-02-11 17:46:17', '2023-02-11 17:46:17', 9, 9),
(32, '2023-02-11 17:46:41', '2023-02-11 17:46:41', 9, 9),
(33, '2023-02-11 17:47:40', '2023-02-11 17:47:40', 9, 1),
(34, '2023-02-11 18:52:18', '2023-02-11 18:52:18', NULL, 1),
(35, '2023-02-11 19:02:24', '2023-02-11 19:02:24', NULL, 1),
(48, '2023-02-12 13:48:48', '2023-02-12 13:48:48', 3, 1),
(49, '2023-02-12 14:30:08', '2023-02-12 14:30:08', 9, 1),
(50, '2023-02-12 14:59:32', '2023-02-12 14:59:32', 1, 1),
(51, '2023-02-12 15:37:18', '2023-02-12 15:37:18', NULL, 1),
(52, '2023-02-12 15:42:51', '2023-02-12 15:42:51', NULL, 1),
(53, '2023-02-11 14:07:37', '2023-02-11 14:07:37', 7, 1),
(55, '2023-02-11 14:07:37', '2023-02-11 14:07:37', 4, 1),
(56, '2023-02-12 16:27:24', '2023-02-12 16:27:24', 2, 1),
(57, '2023-02-12 16:37:47', '2023-02-12 16:37:47', 7, 1),
(59, '2023-02-12 17:32:06', '2023-02-12 17:32:06', 5, 1),
(60, '2023-02-12 18:00:12', '2023-02-12 18:00:12', 9, 1),
(64, '2023-02-12 18:14:04', '2023-02-12 18:14:04', 7, 1),
(65, '2023-02-12 18:15:05', '2023-02-12 18:15:05', 7, 1),
(66, '2023-02-12 18:40:18', '2023-02-12 18:40:18', 7, 1),
(67, '2023-02-12 18:40:50', '2023-02-12 18:40:50', 7, 1),
(68, '2023-02-12 18:41:19', '2023-02-12 18:41:19', 7, 1),
(69, '2023-02-10 18:57:21', '2023-02-10 18:57:21', 7, 1),
(70, '2023-02-12 19:26:28', '2023-02-12 19:26:28', 11, 1),
(71, '2023-02-13 11:34:18', '2023-02-13 11:34:18', 4, 1),
(72, '2023-02-13 00:00:00', '2023-02-13 00:00:00', 9, 1),
(73, '2023-02-14 13:02:27', '2023-02-14 13:02:27', 1, 1),
(74, '2023-02-14 00:00:00', '2023-02-14 00:00:00', 3, 1),
(75, '2023-02-14 00:00:00', '2023-02-14 00:00:00', 3, 1),
(76, '2023-02-14 00:00:00', '2023-02-14 00:00:00', 3, 1),
(77, '2023-02-14 00:00:00', '2023-02-14 00:00:00', 2, 1),
(78, '2023-02-14 00:00:00', '2023-02-14 00:00:00', 2, 1),
(79, '2023-02-14 00:00:00', '2023-02-14 00:00:00', 11, 1),
(80, '2023-02-14 00:00:00', '2023-02-14 00:00:00', 9, 1),
(81, '2023-02-15 00:00:00', '2023-02-15 00:00:00', 4, 1),
(82, '2023-02-15 00:00:00', '2023-02-15 00:00:00', 9, 1),
(83, '2023-02-16 00:00:00', '2023-02-16 00:00:00', 3, 1),
(84, '2023-02-16 00:00:00', '2023-02-16 00:00:00', 1, 1),
(85, '2023-02-16 00:00:00', '2023-02-16 00:00:00', 12, 1),
(86, '2023-02-16 00:00:00', '2023-02-16 00:00:00', 11, 1),
(87, '2023-02-16 00:00:00', '2023-02-16 00:00:00', 9, 1),
(88, '2023-02-15 23:38:44', '2023-02-15 23:38:44', 5, 1),
(89, '2023-02-17 11:29:04', '2023-02-17 11:29:04', 4, 1),
(90, '2023-02-17 11:31:15', '2023-02-17 11:31:15', 9, 1),
(91, '2023-02-18 00:00:00', '2023-02-18 00:00:00', 5, 1),
(92, '2023-02-18 00:00:00', '2023-02-18 00:00:00', 3, 1),
(93, '2023-02-18 17:15:35', '2023-02-18 17:15:35', 9, 1),
(94, '2023-02-18 17:15:40', '2023-02-18 17:15:40', 11, 1),
(95, '2023-02-18 17:15:59', '2023-02-18 17:15:59', 1, 1),
(96, '2023-02-18 17:16:04', '2023-02-18 17:16:04', 2, 1),
(97, '2023-02-19 17:17:10', '2023-02-19 17:17:10', 4, 1),
(98, '2023-02-19 17:17:10', '2023-02-19 17:17:10', 4, 1),
(99, '2023-02-19 00:00:00', '2023-02-19 00:00:00', 9, 1),
(100, '2023-02-20 00:00:00', '2023-02-20 00:00:00', 1, 1),
(101, '2023-02-20 00:00:00', '2023-02-20 00:00:00', 3, 1),
(102, '2023-02-20 00:00:00', '2023-02-20 00:00:00', 9, 1),
(103, '2023-02-20 00:00:00', '2023-02-20 00:00:00', 11, 1),
(104, '2023-02-20 00:00:00', '2023-02-20 00:00:00', 2, 1),
(105, '2023-02-21 00:00:00', '2023-02-21 00:00:00', 9, 1),
(106, '2023-02-21 00:00:00', '2023-02-21 00:00:00', 4, 1),
(107, '2023-02-21 00:00:00', '2023-02-21 00:00:00', 5, 1),
(108, '2023-02-22 00:00:00', '2023-02-22 00:00:00', 3, 1),
(109, '2023-02-22 00:00:00', '2023-02-22 00:00:00', 9, 1),
(110, '2023-02-22 00:00:00', '2023-02-22 00:00:00', 1, 1),
(111, '2023-02-22 00:00:00', '2023-02-22 00:00:00', 12, 1),
(112, '2023-02-22 00:00:00', '2023-02-22 00:00:00', 11, 1),
(113, '2023-02-23 00:00:00', '2023-02-23 00:00:00', 4, 1),
(114, '2023-02-23 00:00:00', '2023-02-23 00:00:00', 9, 1),
(115, '2023-02-24 00:00:00', '2023-02-24 00:00:00', 3, 1),
(116, '2023-02-24 00:00:00', '2023-02-24 00:00:00', 1, 1),
(117, '2023-02-25 10:35:36', '2023-02-25 10:35:36', 4, 1),
(118, '2023-02-25 10:35:38', '2023-02-25 10:35:38', 10, 1),
(119, '2023-02-24 10:35:52', '2023-02-24 10:35:52', 9, 1),
(120, '2023-02-24 10:35:55', '2023-02-24 10:35:55', 5, 1),
(121, '2023-02-24 10:36:01', '2023-02-24 10:36:01', 2, 1),
(122, '2023-02-24 10:36:07', '2023-02-24 10:36:07', 11, 1),
(123, '2023-02-25 10:36:28', '2023-02-25 10:36:28', 9, 1),
(124, '2023-02-26 10:41:45', '2023-02-26 10:41:45', 3, 1),
(125, '2023-02-26 11:17:32', '2023-02-26 11:17:32', 1, 1),
(126, '2023-02-26 00:00:00', '2023-02-26 00:00:00', 9, 1),
(127, '2023-02-26 00:00:00', '2023-02-26 00:00:00', 11, 1),
(128, '2023-02-26 00:00:00', '2023-02-26 00:00:00', 2, 1),
(129, '2023-02-27 00:00:00', '2023-02-27 00:00:00', 5, 1),
(130, '2023-02-27 00:00:00', '2023-02-27 00:00:00', 4, 1),
(131, '2023-02-27 00:00:00', '2023-02-27 00:00:00', 9, 1),
(132, '2023-02-28 00:00:00', '2023-02-28 00:00:00', 1, 1),
(133, '2023-02-28 00:00:00', '2023-02-28 00:00:00', 9, 1),
(134, '2023-02-28 00:00:00', '2023-02-28 00:00:00', 11, 1),
(135, '2023-02-28 00:00:00', '2023-02-28 00:00:00', 3, 1),
(136, '2023-03-01 00:21:48', '2023-03-01 00:21:48', 9, 1),
(137, '2023-03-01 00:21:52', '2023-03-01 00:21:52', 4, 1),
(138, '2023-03-02 00:00:00', '2023-03-02 00:00:00', 1, 1),
(139, '2023-03-02 00:00:00', '2023-03-02 00:00:00', 3, 1),
(140, '2023-03-03 12:46:39', '2023-03-03 12:46:39', 4, 1),
(141, '2023-03-04 12:46:53', '2023-03-04 12:46:53', 1, 1),
(142, '2023-03-02 12:49:21', '2023-03-02 12:49:21', 9, 1),
(143, '2023-03-02 12:49:26', '2023-03-02 12:49:26', 5, 1),
(144, '2023-03-02 12:49:31', '2023-03-02 12:49:31', 2, 1),
(145, '2023-03-02 12:49:37', '2023-03-02 12:49:37', 11, 1),
(146, '2023-03-03 12:50:03', '2023-03-03 12:50:03', 9, 1),
(147, '2023-03-04 12:51:08', '2023-03-04 12:51:08', 9, 1),
(148, '2023-03-04 12:52:19', '2023-03-04 12:52:19', 2, 1),
(149, '2023-03-04 00:00:00', '2023-03-04 00:00:00', 3, 1),
(150, '2023-03-04 00:00:00', '2023-03-04 00:00:00', 11, 1),
(151, '2023-03-05 00:00:00', '2023-03-05 00:00:00', 5, 1),
(152, '2023-03-05 00:00:00', '2023-03-05 00:00:00', 4, 1),
(153, '2023-03-06 00:00:00', '2023-03-06 00:00:00', 1, 1),
(154, '2023-03-05 15:01:10', '2023-03-05 15:01:10', 9, 1),
(155, '2023-03-06 15:02:12', '2023-03-06 15:02:12', 9, 1),
(156, '2023-03-06 15:29:30', '2023-03-06 15:29:30', 11, 1),
(157, '2023-03-06 15:29:30', '2023-03-06 15:29:30', 3, 1),
(158, '2023-03-07 00:00:00', '2023-03-07 00:00:00', 4, 1),
(159, '2023-03-07 00:00:00', '2023-03-07 00:00:00', 9, 1),
(160, '2023-03-08 00:00:00', '2023-03-08 00:00:00', 3, 1),
(161, '2023-03-08 00:00:00', '2023-03-08 00:00:00', 11, 1),
(162, '2023-03-08 00:00:00', '2023-03-08 00:00:00', 1, 1),
(163, '2023-03-08 13:18:14', '2023-03-08 13:18:14', 8, 1),
(164, '2023-03-08 13:18:19', '2023-03-08 13:18:19', 5, 1),
(165, '2023-03-08 13:18:23', '2023-03-08 13:18:23', 2, 1),
(166, '2023-03-08 13:18:28', '2023-03-08 13:18:28', 9, 1),
(167, '2023-03-09 13:20:30', '2023-03-09 13:20:30', 4, 1),
(168, '2023-03-09 13:20:34', '2023-03-09 13:20:34', 9, 1),
(169, '2023-03-10 00:00:00', '2023-03-10 00:00:00', 9, 1),
(170, '2023-03-10 00:00:00', '2023-03-10 00:00:00', 1, 1),
(171, '2023-03-11 00:00:00', '2023-03-11 00:00:00', 8, 1),
(172, '2023-03-11 00:00:00', '2023-03-11 00:00:00', 4, 1),
(173, '2023-03-12 23:34:43', '2023-03-12 23:34:43', 1, 1),
(174, '2023-03-12 23:34:56', '2023-03-12 23:34:56', 10, 1),
(175, '2023-03-14 00:00:00', '2023-03-14 00:00:00', 1, 1),
(176, '2023-03-14 15:13:09', '2023-03-14 15:13:09', 2, 1),
(177, '2023-03-13 15:13:19', '2023-03-13 15:13:19', 4, 1),
(178, '2023-03-15 15:13:29', '2023-03-15 15:13:29', 4, 1),
(179, '2023-03-16 00:00:00', '2023-03-16 00:00:00', 1, 1),
(180, '2023-03-18 00:00:00', '2023-03-18 00:00:00', 1, 1),
(181, '2023-03-17 16:17:46', '2023-03-17 16:17:46', 4, 1),
(182, '2023-03-11 16:18:28', '2023-03-11 16:18:28', 9, 1),
(183, '2023-03-11 16:18:29', '2023-03-11 16:18:29', 5, 1),
(184, '2023-03-12 16:18:39', '2023-03-12 16:18:39', 9, 1),
(185, '2023-03-13 16:18:49', '2023-03-13 16:18:49', 9, 1),
(186, '2023-03-14 16:18:57', '2023-03-14 16:18:57', 9, 1),
(187, '2023-03-14 16:19:02', '2023-03-14 16:19:02', 5, 1),
(188, '2023-03-15 16:19:16', '2023-03-15 16:19:16', 9, 1),
(189, '2023-03-16 16:19:25', '2023-03-16 16:19:25', 9, 1),
(190, '2023-03-17 16:19:36', '2023-03-17 16:19:36', 9, 1),
(191, '2023-03-17 16:19:41', '2023-03-17 16:19:41', 5, 1),
(192, '2023-03-18 16:19:51', '2023-03-18 16:19:51', 9, 1),
(193, '2023-03-19 00:00:00', '2023-03-19 00:00:00', 9, 1),
(194, '2023-03-19 00:00:00', '2023-03-19 00:00:00', 4, 1),
(195, '2023-03-20 00:00:00', '2023-03-20 00:00:00', 5, 1),
(196, '2023-03-20 00:00:00', '2023-03-20 00:00:00', 1, 1),
(197, '2023-03-20 00:00:00', '2023-03-20 00:00:00', 2, 1),
(198, '2023-03-20 09:14:10', '2023-03-20 09:14:10', 9, 1),
(199, '2023-03-21 13:21:43', '2023-03-21 13:21:43', 4, 1),
(200, '2023-03-22 13:23:46', '2023-03-22 13:23:46', 1, 1),
(201, '2023-03-21 13:23:53', '2023-03-21 13:23:53', 9, 1),
(202, '2023-03-23 00:00:00', '2023-03-23 00:00:00', 5, 1),
(203, '2023-03-23 00:00:00', '2023-03-23 00:00:00', 4, 1),
(204, '2023-03-25 00:00:00', '2023-03-25 00:00:00', 4, 1),
(205, '2023-03-24 19:04:16', '2023-03-24 19:04:16', 1, 1),
(206, '2023-03-21 19:04:59', '2023-03-21 19:04:59', 9, 1),
(207, '2023-03-22 19:05:09', '2023-03-22 19:05:09', 9, 1),
(208, '2023-03-23 19:05:22', '2023-03-23 19:05:22', 9, 1),
(209, '2023-03-24 19:05:35', '2023-03-24 19:05:35', 9, 1),
(210, '2023-03-25 19:05:53', '2023-03-25 19:05:53', 9, 1),
(211, '2023-03-26 00:00:00', '2023-03-26 00:00:00', 5, 1),
(212, '2023-03-26 00:00:00', '2023-03-26 00:00:00', 9, 1),
(213, '2023-03-26 00:00:00', '2023-03-26 00:00:00', 2, 1),
(214, '2023-03-26 00:00:00', '2023-03-26 00:00:00', 1, 1),
(215, '2023-03-27 00:00:00', '2023-03-27 00:00:00', 9, 1),
(216, '2023-03-27 00:00:00', '2023-03-27 00:00:00', 10, 1),
(217, '2023-03-27 00:00:00', '2023-03-27 00:00:00', 4, 1),
(218, '2023-03-28 00:00:00', '2023-03-28 00:00:00', 1, 1),
(219, '2023-03-28 00:00:00', '2023-03-28 00:00:00', 9, 1),
(220, '2023-03-29 00:00:00', '2023-03-29 00:00:00', 4, 1),
(221, '2023-03-29 00:00:00', '2023-03-29 00:00:00', 9, 1),
(222, '2023-03-30 00:00:00', '2023-03-30 00:00:00', 1, 1),
(223, '2023-03-30 00:00:00', '2023-03-30 00:00:00', 9, 1),
(224, '2023-03-31 00:00:00', '2023-03-31 00:00:00', 4, 1),
(225, '2023-03-31 18:40:51', '2023-03-31 18:40:51', 9, 1),
(226, '2023-04-01 00:00:00', '2023-04-01 00:00:00', 9, 1),
(227, '2023-04-01 00:00:00', '2023-04-01 00:00:00', 1, 1),
(228, '2023-04-01 00:00:00', '2023-04-01 00:00:00', 2, 1),
(229, '2023-04-02 00:00:00', '2023-04-02 00:00:00', 9, 1),
(230, '2023-04-02 00:00:00', '2023-04-02 00:00:00', 4, 1),
(231, '2023-04-03 00:00:00', '2023-04-03 00:00:00', 1, 1),
(232, '2023-04-03 00:00:00', '2023-04-03 00:00:00', 9, 1),
(233, '2023-04-04 00:00:00', '2023-04-04 00:00:00', 9, 1),
(234, '2023-04-05 00:00:00', '2023-04-05 00:00:00', 1, 1),
(235, '2023-04-05 11:49:19', '2023-04-05 11:49:19', 9, 1),
(236, '2023-04-04 11:49:29', '2023-04-04 11:49:29', 4, 1),
(237, '2023-04-06 00:00:00', '2023-04-06 00:00:00', 9, 1),
(238, '2023-04-06 00:00:00', '2023-04-06 00:00:00', 4, 1),
(239, '2023-04-07 00:00:00', '2023-04-07 00:00:00', 9, 1),
(240, '2023-04-07 00:00:00', '2023-04-07 00:00:00', 1, 1),
(241, '2023-04-07 00:00:00', '2023-04-07 00:00:00', 8, 1),
(242, '2023-04-08 00:00:00', '2023-04-08 00:00:00', 4, 1),
(243, '2023-04-08 00:00:00', '2023-04-08 00:00:00', 9, 1),
(244, '2023-04-08 00:00:00', '2023-04-08 00:00:00', 9, 1),
(245, '2023-04-09 00:00:00', '2023-04-09 00:00:00', 9, 1),
(246, '2023-04-09 00:00:00', '2023-04-09 00:00:00', 1, 1),
(247, '2023-04-10 00:00:00', '2023-04-10 00:00:00', 4, 1),
(248, '2023-04-10 00:00:00', '2023-04-10 00:00:00', 9, 1),
(249, '2023-04-10 00:00:00', '2023-04-10 00:00:00', 9, 1),
(250, '2023-04-10 00:00:00', '2023-04-10 00:00:00', 9, 1),
(251, '2023-04-10 00:00:00', '2023-04-10 00:00:00', 9, 1),
(252, '2023-04-10 00:00:00', '2023-04-10 00:00:00', 8, 1),
(253, '2023-04-11 00:00:00', '2023-04-11 00:00:00', 1, 1),
(254, '2023-04-11 00:00:00', '2023-04-11 00:00:00', 10, 1),
(255, '2023-04-11 20:22:47', '2023-04-11 20:22:47', 9, 1),
(256, '2023-04-11 20:22:48', '2023-04-11 20:22:48', 9, 1),
(257, '2023-04-12 20:23:09', '2023-04-12 20:23:09', 9, 1),
(258, '2023-04-12 20:39:00', '2023-04-12 20:39:00', 4, 1),
(259, '2023-04-13 00:00:00', '2023-04-13 00:00:00', 1, 1),
(260, '2023-04-13 00:00:00', '2023-04-13 00:00:00', 9, 1),
(261, '2023-04-14 00:00:00', '2023-04-14 00:00:00', 4, 1),
(262, '2023-04-14 00:00:00', '2023-04-14 00:00:00', 9, 1),
(263, '2023-04-15 00:00:00', '2023-04-15 00:00:00', 1, 1),
(264, '2023-04-15 00:00:00', '2023-04-15 00:00:00', 9, 1),
(265, '2023-04-16 00:00:00', '2023-04-16 00:00:00', 9, 1),
(266, '2023-04-16 00:00:00', '2023-04-16 00:00:00', 4, 1),
(267, '2023-04-17 00:00:00', '2023-04-17 00:00:00', 9, 1),
(268, '2023-04-17 00:00:00', '2023-04-17 00:00:00', 1, 1),
(269, '2023-04-18 00:00:00', '2023-04-18 00:00:00', 9, 1),
(270, '2023-04-18 00:00:00', '2023-04-18 00:00:00', 4, 1),
(271, '2023-04-19 00:00:00', '2023-04-19 00:00:00', 1, 1),
(272, '2023-04-19 13:02:00', '2023-04-19 13:02:00', 9, 1),
(273, '2023-04-20 00:00:00', '2023-04-20 00:00:00', 4, 1),
(274, '2023-04-20 00:00:00', '2023-04-20 00:00:00', 9, 1),
(275, '2023-04-21 00:00:00', '2023-04-21 00:00:00', 1, 1),
(276, '2023-04-21 12:16:29', '2023-04-21 12:16:29', 9, 1),
(277, '2023-04-22 00:00:00', '2023-04-22 00:00:00', 4, 1),
(278, '2023-04-22 00:00:00', '2023-04-22 00:00:00', 9, 1),
(279, '2023-04-23 00:00:00', '2023-04-23 00:00:00', 1, 1),
(280, '2023-04-23 00:00:00', '2023-04-23 00:00:00', 9, 1),
(281, '2023-04-24 00:00:00', '2023-04-24 00:00:00', 4, 1),
(282, '2023-04-24 11:00:52', '2023-04-24 11:00:52', 9, 1),
(283, '2023-04-25 00:00:00', '2023-04-25 00:00:00', 1, 1),
(284, '2023-04-25 00:00:00', '2023-04-25 00:00:00', 9, 1),
(285, '2023-04-26 19:06:22', '2023-04-26 19:06:22', 9, 1),
(286, '2023-04-26 19:06:27', '2023-04-26 19:06:27', 4, 1),
(287, '2023-04-26 19:06:31', '2023-04-26 19:06:31', 10, 1),
(288, '2023-04-27 19:06:46', '2023-04-27 19:06:46', 1, 1),
(289, '2023-04-27 19:18:09', '2023-04-27 19:18:09', 9, 1),
(290, '2023-04-28 00:00:00', '2023-04-28 00:00:00', 4, 1),
(291, '2023-04-28 00:00:00', '2023-04-28 00:00:00', 9, 1),
(292, '2023-04-29 00:00:00', '2023-04-29 00:00:00', 1, 1),
(293, '2023-04-29 00:00:00', '2023-04-29 00:00:00', 9, 1),
(294, '2023-04-30 00:00:00', '2023-04-30 00:00:00', 9, 1),
(295, '2023-04-30 00:00:00', '2023-04-30 00:00:00', 4, 1),
(296, '2023-05-01 00:00:00', '2023-05-01 00:00:00', 1, 1),
(297, '2023-05-01 00:00:00', '2023-05-01 00:00:00', 9, 1),
(298, '2023-05-01 00:00:00', '2023-05-01 00:00:00', 9, 1),
(299, '2023-05-01 00:00:00', '2023-05-01 00:00:00', 9, 1),
(300, '2023-05-02 00:00:00', '2023-05-02 00:00:00', 4, 1),
(301, '2023-05-02 00:00:00', '2023-05-02 00:00:00', 9, 1),
(302, '2023-05-03 00:00:00', '2023-05-03 00:00:00', 1, 1),
(303, '2023-05-03 00:00:00', '2023-05-03 00:00:00', 9, 1),
(304, '2023-05-04 00:00:00', '2023-05-04 00:00:00', 9, 1),
(305, '2023-05-04 00:00:00', '2023-05-04 00:00:00', 4, 1),
(306, '2023-05-05 00:00:00', '2023-05-05 00:00:00', 1, 1),
(307, '2023-05-05 00:00:00', '2023-05-05 00:00:00', 9, 1),
(308, '2023-05-06 00:00:00', '2023-05-06 00:00:00', 4, 1),
(309, '2023-05-06 00:00:00', '2023-05-06 00:00:00', 4, 1),
(310, '2023-05-06 00:00:00', '2023-05-06 00:00:00', 9, 1),
(311, '2023-05-07 00:00:00', '2023-05-07 00:00:00', 8, 1),
(312, '2023-05-07 00:00:00', '2023-05-07 00:00:00', 1, 1),
(313, '2023-05-07 00:00:00', '2023-05-07 00:00:00', 9, 1),
(314, '2023-05-08 10:09:19', '2023-05-08 10:09:19', 4, 1),
(315, '2023-05-08 10:09:23', '2023-05-08 10:09:23', 9, 1),
(316, '2023-05-08 10:09:23', '2023-05-08 10:09:23', 9, 1),
(317, '2023-05-09 10:10:32', '2023-05-09 10:10:32', 1, 1),
(318, '2023-05-09 00:00:00', '2023-05-09 00:00:00', 9, 1),
(319, '2023-05-10 00:00:00', '2023-05-10 00:00:00', 8, 1),
(320, '2023-05-10 00:00:00', '2023-05-10 00:00:00', 4, 1),
(321, '2023-05-10 00:00:00', '2023-05-10 00:00:00', 9, 1),
(322, '2023-05-10 00:00:00', '2023-05-10 00:00:00', 9, 1),
(323, '2023-05-11 00:00:00', '2023-05-11 00:00:00', 10, 1),
(324, '2023-05-11 00:00:00', '2023-05-11 00:00:00', 1, 1),
(325, '2023-05-11 00:00:00', '2023-05-11 00:00:00', 9, 1),
(326, '2023-05-12 00:00:00', '2023-05-12 00:00:00', 9, 1),
(327, '2023-05-12 00:00:00', '2023-05-12 00:00:00', 4, 1),
(328, '2023-05-13 00:00:00', '2023-05-13 00:00:00', 1, 1),
(329, '2023-05-13 00:00:00', '2023-05-13 00:00:00', 9, 1),
(330, '2023-05-14 00:00:00', '2023-05-14 00:00:00', 4, 1),
(331, '2023-05-14 00:00:00', '2023-05-14 00:00:00', 9, 1),
(332, '2023-05-15 00:00:00', '2023-05-15 00:00:00', 1, 1),
(333, '2023-05-15 00:00:00', '2023-05-15 00:00:00', 9, 1),
(334, '2023-05-16 15:29:45', '2023-05-16 15:29:45', 9, 1),
(335, '2023-05-16 15:29:52', '2023-05-16 15:29:52', 4, 1),
(336, '2023-05-17 20:38:42', '2023-05-17 20:38:42', 9, 1),
(337, '2023-05-17 20:38:48', '2023-05-17 20:38:48', 1, 1),
(338, '2023-05-18 20:39:15', '2023-05-18 20:39:15', 4, 1),
(339, '2023-05-18 20:39:21', '2023-05-18 20:39:21', 9, 1),
(340, '2023-05-19 00:00:00', '2023-05-19 00:00:00', 1, 1),
(341, '2023-05-19 00:00:00', '2023-05-19 00:00:00', 9, 1),
(342, '2023-05-20 00:00:00', '2023-05-20 00:00:00', 4, 1),
(343, '2023-05-20 00:00:00', '2023-05-20 00:00:00', 9, 1),
(344, '2023-05-21 15:31:58', '2023-05-21 15:31:58', 9, 1),
(345, '2023-05-21 15:32:05', '2023-05-21 15:32:05', 1, 1),
(346, '2023-05-22 15:32:16', '2023-05-22 15:32:16', 4, 1),
(347, '2023-05-22 17:08:37', '2023-05-22 17:08:37', 9, 1),
(348, '2023-05-23 00:00:00', '2023-05-23 00:00:00', 1, 1),
(349, '2023-05-23 00:00:00', '2023-05-23 00:00:00', 9, 1),
(350, '2023-05-24 20:09:43', '2023-05-24 20:09:43', 9, 1),
(351, '2023-05-24 20:09:47', '2023-05-24 20:09:47', 4, 1),
(352, '2023-05-24 20:09:48', '2023-05-24 20:09:48', 4, 1),
(353, '2023-05-25 20:10:01', '2023-05-25 20:10:01', 1, 1),
(354, '2023-05-25 22:59:43', '2023-05-25 22:59:43', 9, 1),
(355, '2023-05-25 22:59:44', '2023-05-25 22:59:44', 9, 1),
(356, '2023-05-26 23:34:27', '2023-05-26 23:34:27', 4, 1),
(357, '2023-05-26 14:06:09', '2023-05-26 14:06:09', 9, 1),
(358, '2023-05-26 14:06:15', '2023-05-26 14:06:15', 10, 1),
(359, '2023-05-27 14:34:40', '2023-05-27 14:34:40', 9, 1),
(360, '2023-05-27 21:24:23', '2023-05-27 21:24:23', 1, 1),
(361, '2023-05-27 21:24:23', '2023-05-27 21:24:23', 1, 1),
(362, '2023-05-28 00:00:00', '2023-05-28 00:00:00', 4, 1),
(363, '2023-05-29 00:00:00', '2023-05-29 00:00:00', 1, 1),
(364, '2023-05-28 22:56:59', '2023-05-28 22:56:59', 9, 1),
(365, '2023-05-29 22:57:19', '2023-05-29 22:57:19', 9, 1),
(366, '2023-05-30 23:03:15', '2023-05-30 23:03:15', 4, 1),
(367, '2023-05-30 23:03:15', '2023-05-30 23:03:15', 4, 1),
(368, '2023-05-30 23:03:15', '2023-05-30 23:03:15', 4, 1),
(369, '2023-05-30 23:03:16', '2023-05-30 23:03:16', 4, 1),
(370, '2023-05-30 23:03:16', '2023-05-30 23:03:16', 4, 1),
(371, '2023-05-31 00:00:00', '2023-05-31 00:00:00', 1, 1),
(372, '2023-05-30 22:56:13', '2023-05-30 22:56:13', 9, 1),
(373, '2023-05-31 22:56:29', '2023-05-31 22:56:29', 9, 1),
(374, '2023-06-01 14:30:42', '2023-06-01 14:30:42', 4, 1),
(375, '2023-06-01 14:30:46', '2023-06-01 14:30:46', 9, 1),
(376, '2023-06-02 14:33:10', '2023-06-02 14:33:10', 1, 1),
(377, '2023-06-02 15:04:18', '2023-06-02 15:04:18', 9, 1),
(378, '2023-06-03 20:14:52', '2023-06-03 20:14:52', 9, 1),
(379, '2023-06-03 20:15:01', '2023-06-03 20:15:01', 4, 1),
(380, '2023-06-04 20:15:10', '2023-06-04 20:15:10', 1, 1),
(381, '2023-06-04 20:18:02', '2023-06-04 20:18:02', 9, 1),
(382, '2023-06-05 00:00:00', '2023-06-05 00:00:00', 9, 1),
(383, '2023-06-05 00:00:00', '2023-06-05 00:00:00', 4, 1),
(384, '2023-06-05 00:00:00', '2023-06-05 00:00:00', 4, 1),
(385, '2023-06-06 00:00:00', '2023-06-06 00:00:00', 1, 1),
(386, '2023-06-06 21:09:09', '2023-06-06 21:09:09', 9, 1),
(387, '2023-06-06 21:09:14', '2023-06-06 21:09:14', 8, 1),
(388, '2023-06-07 21:13:28', '2023-06-07 21:13:28', 9, 1),
(389, '2023-06-08 00:00:00', '2023-06-08 00:00:00', 1, 1),
(390, '2023-06-08 00:00:00', '2023-06-08 00:00:00', 9, 1),
(391, '2023-06-07 14:38:54', '2023-06-07 14:38:54', 4, 1),
(392, '2023-06-09 14:39:13', '2023-06-09 14:39:13', 4, 1),
(393, '2023-06-09 14:39:21', '2023-06-09 14:39:21', 8, 1),
(394, '2023-06-09 17:42:31', '2023-06-09 17:42:31', 9, 1),
(395, '2023-06-09 17:42:31', '2023-06-09 17:42:31', 9, 1),
(396, '2023-06-09 17:42:31', '2023-06-09 17:42:31', 9, 1),
(397, '2023-06-09 17:42:33', '2023-06-09 17:42:33', 9, 1),
(398, '2023-06-10 00:00:00', '2023-06-10 00:00:00', 1, 1),
(399, '2023-06-11 00:00:00', '2023-06-11 00:00:00', 4, 1),
(400, '2023-06-10 18:32:49', '2023-06-10 18:32:49', 9, 1),
(401, '2023-06-10 18:32:53', '2023-06-10 18:32:53', 10, 1),
(402, '2023-06-11 18:33:37', '2023-06-11 18:33:37', 9, 1),
(403, '2023-06-12 18:35:10', '2023-06-12 18:35:10', 1, 1),
(404, '2023-06-12 18:35:15', '2023-06-12 18:35:15', 9, 1),
(405, '2023-06-12 18:35:15', '2023-06-12 18:35:15', 9, 1),
(406, '2023-06-13 00:00:00', '2023-06-13 00:00:00', 4, 1),
(407, '2023-06-14 00:00:00', '2023-06-14 00:00:00', 1, 1),
(408, '2023-06-13 18:57:06', '2023-06-13 18:57:06', 9, 1),
(409, '2023-06-14 00:00:00', '2023-06-14 00:00:00', 9, 1),
(410, '2023-06-15 00:00:00', '2023-06-15 00:00:00', 4, 1),
(411, '2023-06-15 00:00:00', '2023-06-15 00:00:00', 4, 1),
(412, '2023-06-16 00:00:00', '2023-06-16 00:00:00', 1, 1),
(413, '2023-06-15 21:44:11', '2023-06-15 21:44:11', 9, 1),
(414, '2023-06-16 22:13:18', '2023-06-16 22:13:18', 9, 1),
(415, '2023-06-17 00:00:00', '2023-06-17 00:00:00', 4, 1),
(416, '2023-06-17 00:00:00', '2023-06-17 00:00:00', 9, 1),
(417, '2023-06-18 00:00:00', '2023-06-18 00:00:00', 1, 1),
(418, '2023-06-18 00:00:00', '2023-06-18 00:00:00', 9, 1),
(419, '2023-06-19 00:00:00', '2023-06-19 00:00:00', 9, 1),
(420, '2023-06-19 00:00:00', '2023-06-19 00:00:00', 4, 1),
(421, '2023-06-19 00:00:00', '2023-06-19 00:00:00', 4, 1),
(422, '2023-06-20 22:43:40', '2023-06-20 22:43:40', 9, 1),
(423, '2023-06-20 22:43:41', '2023-06-20 22:43:41', 1, 1),
(424, '2023-06-21 22:43:54', '2023-06-21 22:43:54', 4, 1),
(425, '2023-06-21 22:43:54', '2023-06-21 22:43:54', 9, 1),
(426, '2023-06-22 00:00:00', '2023-06-22 00:00:00', 1, 1),
(427, '2023-06-22 00:00:00', '2023-06-22 00:00:00', 9, 1),
(428, '2023-06-22 20:24:47', '2023-06-22 20:24:47', 9, 1),
(429, '2023-06-23 00:00:00', '2023-06-23 00:00:00', 4, 1),
(430, '2023-06-23 00:00:00', '2023-06-23 00:00:00', 9, 1),
(431, '2023-06-24 00:00:00', '2023-06-24 00:00:00', 1, 1),
(432, '2023-06-24 00:00:00', '2023-06-24 00:00:00', 9, 1),
(433, '2023-06-25 00:00:00', '2023-06-25 00:00:00', 10, 1),
(434, '2023-06-25 00:00:00', '2023-06-25 00:00:00', 9, 1),
(435, '2023-06-25 00:00:00', '2023-06-25 00:00:00', 4, 1),
(436, '2023-06-26 00:00:00', '2023-06-26 00:00:00', 1, 1),
(437, '2023-06-26 00:00:00', '2023-06-26 00:00:00', 9, 1),
(438, '2023-06-27 00:00:00', '2023-06-27 00:00:00', 4, 1),
(439, '2023-06-27 00:00:00', '2023-06-27 00:00:00', 9, 1),
(440, '2023-06-28 00:00:00', '2023-06-28 00:00:00', 1, 1),
(441, '2023-06-28 22:50:40', '2023-06-28 22:50:40', 9, 1),
(442, '2023-06-30 14:20:09', '2023-06-30 14:20:09', 1, 1),
(443, '2023-06-29 14:20:20', '2023-06-29 14:20:20', 9, 1),
(444, '2023-06-29 14:20:26', '2023-06-29 14:20:26', 4, 1),
(445, '2023-06-30 14:20:52', '2023-06-30 14:20:52', 9, 1),
(446, '2023-07-01 14:21:28', '2023-07-01 14:21:28', 9, 1),
(447, '2023-07-01 14:21:28', '2023-07-01 14:21:28', 9, 1),
(448, '2023-07-01 14:22:41', '2023-07-01 14:22:41', 4, 1),
(449, '2023-07-02 00:00:00', '2023-07-02 00:00:00', 1, 1),
(450, '2023-07-02 00:00:00', '2023-07-02 00:00:00', 9, 1),
(451, '2023-07-03 00:00:00', '2023-07-03 00:00:00', 4, 1),
(452, '2023-07-04 00:09:36', '2023-07-04 00:09:36', 1, 1),
(453, '2023-07-03 00:09:54', '2023-07-03 00:09:54', 9, 1),
(454, '2023-07-04 00:10:05', '2023-07-04 00:10:05', 9, 1),
(455, '2023-07-05 00:10:18', '2023-07-05 00:10:18', 9, 1),
(456, '2023-07-05 00:10:23', '2023-07-05 00:10:23', 4, 1),
(457, '2023-07-06 00:00:00', '2023-07-06 00:00:00', 8, 1),
(458, '2023-07-06 00:00:00', '2023-07-06 00:00:00', 1, 1),
(459, '2023-07-06 00:00:00', '2023-07-06 00:00:00', 9, 1),
(460, '2023-07-07 00:00:00', '2023-07-07 00:00:00', 4, 1),
(461, '2023-07-07 00:00:00', '2023-07-07 00:00:00', 9, 1),
(462, '2023-07-08 00:00:00', '2023-07-08 00:00:00', 1, 1),
(463, '2023-07-09 00:00:00', '2023-07-09 00:00:00', 4, 1),
(464, '2023-07-09 00:00:00', '2023-07-09 00:00:00', 8, 1),
(465, '2023-07-08 10:22:39', '2023-07-08 10:22:39', 9, 1),
(466, '2023-07-08 10:22:40', '2023-07-08 10:22:40', 9, 1),
(467, '2023-07-08 10:22:41', '2023-07-08 10:22:41', 9, 1),
(468, '2023-07-10 00:00:00', '2023-07-10 00:00:00', 10, 1),
(469, '2023-07-09 11:43:36', '2023-07-09 11:43:36', 9, 1),
(470, '2023-07-10 11:47:06', '2023-07-10 11:47:06', 1, 1),
(471, '2023-07-10 11:47:18', '2023-07-10 11:47:18', 9, 1),
(472, '2023-07-10 11:47:19', '2023-07-10 11:47:19', 9, 1),
(473, '2023-07-11 00:00:00', '2023-07-11 00:00:00', 9, 1),
(474, '2023-07-11 00:00:00', '2023-07-11 00:00:00', 4, 1),
(475, '2023-07-12 00:00:00', '2023-07-12 20:43:48', 1, 1),
(476, '2023-07-12 00:00:00', '2023-07-12 00:00:00', 9, 1),
(480, '2023-07-13 20:43:53', '2023-07-13 20:43:53', 9, 1),
(481, '2023-07-13 20:43:53', '2023-07-13 20:43:53', 9, 1),
(482, '2023-07-14 20:45:31', '2023-07-14 20:45:31', 1, 1),
(485, '2023-07-13 12:26:58', '2023-07-13 12:26:58', 4, 1),
(487, '2023-07-14 12:27:11', '2023-07-14 12:27:11', 9, 1),
(488, '2023-07-15 12:32:07', '2023-07-15 12:32:07', 4, 1),
(489, '2023-07-15 12:32:35', '2023-07-15 12:32:35', 9, 1),
(490, '2023-07-16 00:00:00', '2023-07-16 00:00:00', 9, 1),
(491, '2023-07-16 00:00:00', '2023-07-16 00:00:00', 1, 1),
(492, '2023-07-17 22:39:20', '2023-07-17 22:39:20', 9, 1),
(493, '2023-07-17 22:39:26', '2023-07-17 22:39:26', 4, 1),
(494, '2023-07-18 22:41:10', '2023-07-18 22:41:10', 9, 1),
(495, '2023-07-18 22:43:52', '2023-07-18 22:43:52', 1, 1),
(496, '2023-07-19 00:00:00', '2023-07-19 00:00:00', 9, 1),
(497, '2023-07-20 20:23:01', '2023-07-20 20:23:01', 9, 1),
(498, '2023-07-20 20:23:03', '2023-07-20 20:23:03', 1, 1),
(499, '2023-07-19 20:23:20', '2023-07-19 20:23:20', 4, 1),
(500, '2023-07-21 20:24:59', '2023-07-21 20:24:59', 4, 1),
(501, '2023-07-21 19:18:53', '2023-07-21 19:18:53', 9, 1),
(502, '2023-07-22 19:21:39', '2023-07-22 19:21:39', 9, 1),
(503, '2023-07-22 19:21:45', '2023-07-22 19:21:45', 1, 1),
(504, '2023-07-23 21:01:15', '2023-07-23 21:01:15', 9, 1),
(505, '2023-07-23 21:01:19', '2023-07-23 21:01:19', 4, 1),
(506, '2023-07-24 21:03:11', '2023-07-24 21:03:11', 9, 1),
(507, '2023-07-24 21:03:15', '2023-07-24 21:03:15', 1, 1),
(508, '2023-07-25 00:00:00', '2023-07-25 00:00:00', 10, 1),
(509, '2023-07-25 00:00:00', '2023-07-25 00:00:00', 9, 1),
(510, '2023-07-25 00:00:00', '2023-07-25 00:00:00', 4, 1),
(511, '2023-07-26 00:00:00', '2023-07-26 00:00:00', 1, 1),
(512, '2023-07-26 00:00:00', '2023-07-26 00:00:00', 9, 1),
(513, '2023-07-27 00:00:00', '2023-07-27 00:00:00', 4, 1),
(514, '2023-07-27 00:00:00', '2023-07-27 00:00:00', 9, 1),
(515, '2023-07-28 00:00:00', '2023-07-28 00:00:00', 9, 1),
(516, '2023-07-28 00:00:00', '2023-07-28 00:00:00', 1, 1),
(517, '2023-07-29 00:30:17', '2023-07-29 00:30:17', 9, 1),
(518, '2023-07-29 00:30:22', '2023-07-29 00:30:22', 4, 1),
(519, '2023-07-30 22:16:30', '2023-07-30 22:16:30', 1, 1),
(520, '2023-07-30 22:16:35', '2023-07-30 22:16:35', 9, 1),
(521, '2023-07-31 22:16:51', '2023-07-31 22:16:51', 9, 1),
(522, '2023-07-31 22:16:55', '2023-07-31 22:16:55', 4, 1),
(523, '2023-08-01 17:17:48', '2023-08-01 17:17:48', 9, 1),
(524, '2023-08-01 17:17:54', '2023-08-01 17:17:54', 1, 1),
(525, '2023-08-02 17:18:06', '2023-08-02 17:18:06', 9, 1),
(526, '2023-08-02 17:18:12', '2023-08-02 17:18:12', 4, 1),
(527, '2023-08-03 17:19:40', '2023-08-03 17:19:40', 1, 1),
(528, '2023-08-03 17:20:07', '2023-08-03 17:20:07', 9, 1),
(529, '2023-08-04 14:39:15', '2023-08-04 14:39:15', 9, 1),
(530, '2023-08-04 14:39:21', '2023-08-04 14:39:21', 4, 1),
(531, '2023-08-05 14:39:32', '2023-08-05 14:39:32', 9, 1),
(532, '2023-08-05 14:42:40', '2023-08-05 14:42:40', 1, 1),
(533, '2023-08-05 15:09:51', '2023-08-05 15:09:51', 8, 1),
(534, '2023-08-06 00:00:00', '2023-08-06 00:00:00', 4, 1),
(535, '2023-08-06 00:00:00', '2023-08-06 00:00:00', 9, 1),
(536, '2023-08-07 00:00:00', '2023-08-07 00:00:00', 9, 1),
(537, '2023-08-07 00:00:00', '2023-08-07 00:00:00', 1, 1),
(538, '2023-08-08 00:00:00', '2023-08-08 00:00:00', 8, 1),
(539, '2023-08-08 00:00:00', '2023-08-08 00:00:00', 4, 1),
(540, '2023-08-08 00:00:00', '2023-08-08 00:00:00', 9, 1),
(541, '2023-08-09 00:00:00', '2023-08-09 00:00:00', 10, 1),
(542, '2023-08-09 00:00:00', '2023-08-09 00:00:00', 1, 1),
(543, '2023-08-09 00:00:00', '2023-08-09 00:00:00', 9, 1),
(544, '2023-08-09 00:00:00', '2023-08-09 00:00:00', 1, 1),
(545, '2023-08-10 17:24:20', '2023-08-10 17:24:20', 9, 1),
(546, '2023-08-10 17:24:25', '2023-08-10 17:24:25', 4, 1),
(547, '2023-08-11 00:00:00', '2023-08-11 00:00:00', 1, 1),
(548, '2023-08-11 00:00:00', '2023-08-11 00:00:00', 9, 1),
(549, '2023-08-12 19:23:55', '2023-08-12 19:23:55', 9, 1),
(550, '2023-08-12 19:24:00', '2023-08-12 19:24:00', 4, 1),
(551, '2023-08-13 19:27:44', '2023-08-13 19:27:44', 1, 1),
(552, '2023-08-13 13:10:44', '2023-08-13 13:10:44', 9, 1),
(553, '2023-08-14 13:12:16', '2023-08-14 13:12:16', 4, 1),
(554, '2023-08-14 18:36:20', '2023-08-14 18:36:20', 9, 1),
(555, '2023-08-15 18:36:31', '2023-08-15 18:36:31', 9, 1),
(556, '2023-08-15 00:00:00', '2023-08-15 00:00:00', 1, 1),
(557, '2023-08-16 00:00:00', '2023-08-16 00:00:00', 4, 1),
(558, '2023-08-17 00:00:00', '2023-08-17 00:00:00', 1, 1),
(559, '2023-08-16 11:23:55', '2023-08-16 11:23:55', 9, 1),
(560, '2023-08-17 20:57:35', '2023-08-17 20:57:35', 9, 1),
(561, '2023-08-18 20:57:45', '2023-08-18 20:57:45', 9, 1),
(562, '2023-08-18 20:59:21', '2023-08-18 20:59:21', 4, 1),
(563, '2023-08-19 00:00:00', '2023-08-19 00:00:00', 9, 1),
(564, '2023-08-19 00:00:00', '2023-08-19 00:00:00', 1, 1),
(565, '2023-08-20 00:00:00', '2023-08-20 00:00:00', 4, 1),
(566, '2023-08-20 00:00:00', '2023-08-20 00:00:00', 9, 1),
(567, '2023-08-21 00:00:00', '2023-08-21 00:00:00', 9, 1),
(568, '2023-08-21 00:00:00', '2023-08-21 00:00:00', 1, 1),
(569, '2023-08-22 00:00:00', '2023-08-22 00:00:00', 9, 1),
(570, '2023-08-22 00:00:00', '2023-08-22 00:00:00', 4, 1),
(571, '2023-08-23 00:00:00', '2023-08-23 00:00:00', 1, 1),
(572, '2023-08-23 00:00:00', '2023-08-23 00:00:00', 9, 1),
(573, '2023-08-24 00:00:00', '2023-08-24 00:00:00', 9, 1),
(574, '2023-08-24 00:00:00', '2023-08-24 00:00:00', 4, 1),
(575, '2023-08-24 00:00:00', '2023-08-24 00:00:00', 10, 1),
(576, '2023-08-25 10:20:53', '2023-08-25 10:20:53', 9, 1),
(577, '2023-08-25 10:20:57', '2023-08-25 10:20:57', 1, 1),
(578, '2023-08-26 10:28:09', '2023-08-26 10:28:09', 9, 1),
(579, '2023-08-27 00:00:00', '2023-08-27 00:00:00', 1, 1),
(580, '2023-08-27 00:00:00', '2023-08-27 00:00:00', 9, 1),
(581, '2023-08-29 18:49:50', '2023-08-29 18:49:50', 1, 1),
(582, '2023-08-28 18:50:01', '2023-08-28 18:50:01', 9, 1),
(583, '2023-08-26 18:50:45', '2023-08-26 18:50:45', 4, 1),
(584, '2023-08-26 18:50:45', '2023-08-26 18:50:45', 4, 1),
(585, '2023-08-28 18:51:02', '2023-08-28 18:51:02', 4, 1),
(586, '2023-08-29 18:51:14', '2023-08-29 18:51:14', 9, 1),
(587, '2023-08-30 18:51:41', '2023-08-30 18:51:41', 9, 1),
(588, '2023-08-31 21:16:42', '2023-08-31 21:16:42', 9, 1),
(589, '2023-08-31 21:16:46', '2023-08-31 21:16:46', 1, 1),
(590, '2023-08-31 21:16:46', '2023-08-31 21:16:46', 1, 1),
(591, '2023-08-30 21:18:14', '2023-08-30 21:18:14', 4, 1),
(592, '2023-08-30 21:18:14', '2023-08-30 21:18:14', 4, 1),
(593, '2023-08-30 21:18:14', '2023-08-30 21:18:14', 4, 1),
(594, '2023-08-30 21:18:15', '2023-08-30 21:18:15', 4, 1),
(595, '2023-09-01 13:06:55', '2023-09-01 13:06:55', 4, 1),
(596, '2023-09-01 13:06:59', '2023-09-01 13:06:59', 9, 1),
(597, '2023-09-02 13:07:13', '2023-09-02 13:07:13', 9, 1),
(598, '2023-09-02 13:07:13', '2023-09-02 13:07:13', 9, 1),
(599, '2023-09-02 00:00:00', '2023-09-02 00:00:00', 1, 1),
(600, '2023-09-03 00:00:00', '2023-09-03 00:00:00', 4, 1),
(601, '2023-09-03 00:00:00', '2023-09-03 00:00:00', 9, 1),
(602, '2023-09-03 00:00:00', '2023-09-03 00:00:00', 9, 1),
(603, '2023-09-04 00:00:00', '2023-09-04 00:00:00', 9, 1),
(604, '2023-09-04 00:00:00', '2023-09-04 00:00:00', 8, 1),
(605, '2023-09-04 00:00:00', '2023-09-04 00:00:00', 1, 1),
(606, '2023-09-05 09:35:54', '2023-09-05 09:35:54', 9, 1),
(607, '2023-09-05 09:35:59', '2023-09-05 09:35:59', 4, 1),
(608, '2023-09-06 09:36:10', '2023-09-06 09:36:10', 9, 1),
(609, '2023-09-06 09:36:14', '2023-09-06 09:36:14', 1, 1),
(610, '2023-09-08 09:17:21', '2023-09-08 09:17:21', 1, 1),
(611, '2023-09-08 09:17:26', '2023-09-08 09:17:26', 10, 1),
(612, '2023-09-10 09:17:43', '2023-09-10 09:17:43', 1, 1),
(613, '2023-09-07 09:17:58', '2023-09-07 09:17:58', 9, 1),
(614, '2023-09-07 09:18:02', '2023-09-07 09:18:02', 4, 1),
(615, '2023-09-07 09:18:06', '2023-09-07 09:18:06', 8, 1),
(616, '2023-09-08 09:18:17', '2023-09-08 09:18:17', 9, 1),
(617, '2023-09-09 09:18:26', '2023-09-09 09:18:26', 9, 1),
(618, '2023-09-09 09:18:31', '2023-09-09 09:18:31', 4, 1),
(619, '2023-09-10 09:18:46', '2023-09-10 09:18:46', 9, 1),
(620, '2023-09-11 09:19:00', '2023-09-11 09:19:00', 9, 1),
(621, '2023-09-11 09:19:05', '2023-09-11 09:19:05', 4, 1),
(622, '2023-09-12 09:19:14', '2023-09-12 09:19:14', 9, 1),
(623, '2023-09-12 09:19:19', '2023-09-12 09:19:19', 1, 1),
(624, '2023-09-13 09:19:28', '2023-09-13 09:19:28', 9, 1),
(625, '2023-09-13 09:19:32', '2023-09-13 09:19:32', 4, 1),
(626, '2023-09-14 16:11:10', '2023-09-14 16:11:10', 9, 1),
(627, '2023-09-14 16:11:14', '2023-09-14 16:11:14', 1, 1),
(628, '2023-09-15 16:11:28', '2023-09-15 16:11:28', 9, 1),
(629, '2023-09-15 16:11:32', '2023-09-15 16:11:32', 4, 1),
(630, '2023-09-16 10:53:01', '2023-09-16 10:53:01', 9, 1),
(631, '2023-09-16 10:53:06', '2023-09-16 10:53:06', 1, 1),
(632, '2023-09-17 10:53:19', '2023-09-17 10:53:19', 9, 1),
(633, '2023-09-17 10:53:24', '2023-09-17 10:53:24', 4, 1),
(634, '2023-09-18 10:53:33', '2023-09-18 10:53:33', 1, 1),
(635, '2023-09-18 10:53:37', '2023-09-18 10:53:37', 9, 1),
(636, '2023-09-19 00:00:00', '2023-09-19 00:00:00', 9, 1),
(637, '2023-09-19 00:00:00', '2023-09-19 00:00:00', 9, 1),
(638, '2023-09-20 00:00:00', '2023-09-20 00:00:00', 9, 1),
(639, '2023-09-20 00:00:00', '2023-09-20 00:00:00', 1, 1),
(640, '2023-09-19 12:08:50', '2023-09-19 12:08:50', 4, 1),
(641, '2023-09-21 12:09:05', '2023-09-21 12:09:05', 9, 1),
(642, '2023-09-21 12:09:40', '2023-09-21 12:09:40', 4, 1),
(643, '2023-09-22 00:00:00', '2023-09-22 00:00:00', 9, 1),
(644, '2023-09-22 00:00:00', '2023-09-22 00:00:00', 1, 1),
(645, '2023-09-23 00:00:00', '2023-09-23 00:00:00', 10, 1),
(646, '2023-09-23 00:00:00', '2023-09-23 00:00:00', 9, 1),
(647, '2023-09-23 00:00:00', '2023-09-23 00:00:00', 4, 1),
(648, '2023-09-24 00:00:00', '2023-09-24 00:00:00', 1, 1),
(649, '2023-09-24 00:00:00', '2023-09-24 00:00:00', 9, 1),
(650, '2023-09-25 00:00:00', '2023-09-25 00:00:00', 9, 1),
(651, '2023-09-25 00:00:00', '2023-09-25 00:00:00', 4, 1),
(652, '2023-09-26 00:00:00', '2023-09-26 00:00:00', 9, 1),
(653, '2023-09-26 00:00:00', '2023-09-26 00:00:00', 1, 1),
(654, '2023-09-28 00:00:00', '2023-09-28 00:00:00', 1, 1),
(655, '2023-09-27 11:48:36', '2023-09-27 11:48:36', 9, 1),
(656, '2023-09-27 11:48:40', '2023-09-27 11:48:40', 4, 1),
(657, '2023-09-28 11:49:03', '2023-09-28 11:49:03', 9, 1),
(658, '2023-09-29 11:49:13', '2023-09-29 11:49:13', 9, 1),
(659, '2023-09-29 11:50:17', '2023-09-29 11:50:17', 4, 1),
(660, '2023-09-30 00:00:00', '2023-09-30 00:00:00', 9, 1),
(661, '2023-09-30 00:00:00', '2023-09-30 00:00:00', 1, 1),
(662, '2023-10-01 00:00:00', '2023-10-01 00:00:00', 9, 1),
(663, '2023-10-01 00:00:00', '2023-10-01 00:00:00', 4, 1),
(664, '2023-10-02 00:00:00', '2023-10-02 00:00:00', 9, 1),
(665, '2023-10-02 00:00:00', '2023-10-02 00:00:00', 1, 1),
(666, '2023-10-02 00:00:00', '2023-10-02 00:00:00', 1, 1),
(667, '2023-10-03 00:00:00', '2023-10-03 00:00:00', 9, 1),
(668, '2023-10-03 00:00:00', '2023-10-03 00:00:00', 4, 1),
(669, '2023-10-03 00:00:00', '2023-10-03 00:00:00', 4, 1),
(670, '2023-10-04 00:00:00', '2023-10-04 00:00:00', 8, 1),
(671, '2023-10-04 00:00:00', '2023-10-04 00:00:00', 9, 1),
(672, '2023-10-04 00:00:00', '2023-10-04 00:00:00', 1, 1),
(673, '2023-10-05 00:00:00', '2023-10-05 00:00:00', 9, 1),
(674, '2023-10-05 00:00:00', '2023-10-05 00:00:00', 4, 1),
(675, '2023-10-06 00:00:00', '2023-10-06 00:00:00', 9, 1),
(676, '2023-10-06 00:00:00', '2023-10-06 00:00:00', 1, 1),
(677, '2023-10-07 00:00:00', '2023-10-07 00:00:00', 8, 1),
(678, '2023-10-07 00:00:00', '2023-10-07 00:00:00', 8, 1),
(679, '2023-10-07 00:00:00', '2023-10-07 00:00:00', 9, 1),
(680, '2023-10-08 00:00:00', '2023-10-08 00:00:00', 9, 1),
(681, '2023-10-08 00:00:00', '2023-10-08 00:00:00', 10, 1),
(682, '2023-10-08 00:00:00', '2023-10-08 00:00:00', 10, 1),
(683, '2023-10-08 00:00:00', '2023-10-08 00:00:00', 1, 1),
(684, '2023-10-07 10:52:11', '2023-10-07 10:52:11', 4, 1),
(685, '2023-10-09 10:52:27', '2023-10-09 10:52:27', 9, 1),
(686, '2023-10-09 15:01:02', '2023-10-09 15:01:02', 4, 1),
(687, '2023-10-10 15:01:08', '2023-10-10 15:01:08', 9, 1),
(688, '2023-10-10 15:01:11', '2023-10-10 15:01:11', 1, 1),
(689, '2023-10-11 15:01:19', '2023-10-11 15:01:19', 9, 1),
(690, '2023-10-11 15:01:20', '2023-10-11 15:01:20', 4, 1),
(691, '2023-10-12 15:01:26', '2023-10-12 15:01:26', 9, 1),
(692, '2023-10-12 15:01:27', '2023-10-12 15:01:27', 1, 1),
(693, '2023-10-13 15:01:32', '2023-10-13 15:01:32', 9, 1),
(694, '2023-10-13 15:01:34', '2023-10-13 15:01:34', 4, 1),
(695, '2023-10-14 15:01:39', '2023-10-14 15:01:39', 9, 1),
(696, '2023-10-14 15:01:41', '2023-10-14 15:01:41', 1, 1),
(697, '2023-10-15 15:01:46', '2023-10-15 15:01:46', 9, 1),
(698, '2023-10-15 15:01:48', '2023-10-15 15:01:48', 4, 1),
(699, '2023-10-16 15:01:52', '2023-10-16 15:01:52', 9, 1),
(700, '2023-10-16 15:01:54', '2023-10-16 15:01:54', 1, 1),
(701, '2023-10-17 15:01:59', '2023-10-17 15:01:59', 9, 1),
(702, '2023-10-17 15:02:00', '2023-10-17 15:02:00', 4, 1),
(703, '2023-10-18 15:02:05', '2023-10-18 15:02:05', 9, 1),
(704, '2023-10-18 15:02:06', '2023-10-18 15:02:06', 1, 1),
(705, '2023-10-19 15:02:11', '2023-10-19 15:02:11', 9, 1),
(706, '2023-10-19 15:02:13', '2023-10-19 15:02:13', 4, 1),
(707, '2023-10-20 15:02:17', '2023-10-20 15:02:17', 9, 1),
(708, '2023-10-20 15:02:19', '2023-10-20 15:02:19', 1, 1),
(709, '2023-10-21 15:02:23', '2023-10-21 15:02:23', 9, 1),
(710, '2023-10-21 15:02:25', '2023-10-21 15:02:25', 4, 1),
(711, '2023-10-22 15:02:31', '2023-10-22 15:02:31', 9, 1),
(712, '2023-10-22 15:02:33', '2023-10-22 15:02:33', 1, 1),
(713, '2023-10-23 15:02:39', '2023-10-23 15:02:39', 9, 1),
(714, '2023-10-23 15:02:41', '2023-10-23 15:02:41', 4, 1),
(715, '2023-10-23 15:02:42', '2023-10-23 15:02:42', 10, 1),
(716, '2023-10-24 15:02:48', '2023-10-24 15:02:48', 9, 1),
(717, '2023-10-24 15:02:50', '2023-10-24 15:02:50', 1, 1),
(718, '2023-10-25 15:02:55', '2023-10-25 15:02:55', 9, 1),
(719, '2023-10-25 15:02:56', '2023-10-25 15:02:56', 4, 1),
(720, '2023-10-26 15:03:01', '2023-10-26 15:03:01', 9, 1),
(721, '2023-10-26 15:03:03', '2023-10-26 15:03:03', 1, 1),
(722, '2023-10-27 15:03:07', '2023-10-27 15:03:07', 9, 1),
(723, '2023-10-27 15:03:09', '2023-10-27 15:03:09', 4, 1),
(724, '2023-10-28 15:03:42', '2023-10-28 15:03:42', 9, 1),
(725, '2023-10-28 15:03:43', '2023-10-28 15:03:43', 1, 1),
(726, '2023-10-29 15:03:52', '2023-10-29 15:03:52', 9, 1),
(727, '2023-10-29 15:03:53', '2023-10-29 15:03:53', 4, 1),
(728, '2023-10-30 15:03:58', '2023-10-30 15:03:58', 9, 1),
(729, '2023-10-30 15:04:01', '2023-10-30 15:04:01', 1, 1),
(730, '2023-10-31 15:04:06', '2023-10-31 15:04:06', 9, 1),
(731, '2023-10-31 15:04:08', '2023-10-31 15:04:08', 4, 1),
(732, '2023-11-01 15:04:16', '2023-11-01 15:04:16', 9, 1),
(733, '2023-11-01 15:04:17', '2023-11-01 15:04:17', 1, 1),
(734, '2023-11-02 15:04:22', '2023-11-02 15:04:22', 9, 1),
(735, '2023-11-02 15:04:24', '2023-11-02 15:04:24', 4, 1),
(736, '2023-11-03 15:04:30', '2023-11-03 15:04:30', 9, 1),
(737, '2023-11-03 15:04:32', '2023-11-03 15:04:32', 1, 1),
(738, '2023-11-03 15:04:33', '2023-11-03 15:04:33', 8, 1),
(739, '2023-11-04 15:04:39', '2023-11-04 15:04:39', 9, 1),
(740, '2023-11-04 15:04:41', '2023-11-04 15:04:41', 4, 1),
(741, '2023-11-06 15:04:46', '2023-11-06 15:04:46', 4, 1),
(742, '2023-11-06 15:04:48', '2023-11-06 15:04:48', 8, 1),
(743, '2023-11-07 15:04:53', '2023-11-07 15:04:53', 10, 1),
(744, '2023-11-08 15:04:58', '2023-11-08 15:04:58', 4, 1),
(745, '2023-11-05 15:05:03', '2023-11-05 15:05:03', 9, 1),
(746, '2023-11-05 15:05:05', '2023-11-05 15:05:05', 1, 1),
(747, '2023-11-06 15:05:11', '2023-11-06 15:05:11', 9, 1),
(748, '2023-11-07 15:05:19', '2023-11-07 15:05:19', 9, 1),
(749, '2023-11-07 15:05:22', '2023-11-07 15:05:22', 1, 1),
(750, '2023-11-08 15:05:28', '2023-11-08 15:05:28', 9, 1),
(751, '2023-11-09 15:05:33', '2023-11-09 15:05:33', 9, 1),
(752, '2023-11-09 15:05:35', '2023-11-09 15:05:35', 1, 1),
(753, '2023-11-10 15:05:42', '2023-11-10 15:05:42', 9, 1),
(754, '2023-11-10 15:05:44', '2023-11-10 15:05:44', 4, 1),
(755, '2023-11-11 15:05:49', '2023-11-11 15:05:49', 9, 1),
(756, '2023-11-11 15:05:51', '2023-11-11 15:05:51', 1, 1),
(757, '2023-11-12 15:05:55', '2023-11-12 15:05:55', 9, 1),
(758, '2023-11-12 15:05:57', '2023-11-12 15:05:57', 4, 1),
(759, '2023-11-13 15:06:01', '2023-11-13 15:06:01', 9, 1),
(760, '2023-11-13 15:06:03', '2023-11-13 15:06:03', 1, 1),
(761, '2023-11-14 15:06:07', '2023-11-14 15:06:07', 9, 1),
(762, '2023-11-14 15:06:09', '2023-11-14 15:06:09', 4, 1),
(763, '2023-11-15 15:06:13', '2023-11-15 15:06:13', 9, 1),
(764, '2023-11-15 15:06:15', '2023-11-15 15:06:15', 1, 1),
(765, '2023-11-16 15:06:25', '2023-11-16 15:06:25', 9, 1),
(766, '2023-11-16 15:06:28', '2023-11-16 15:06:28', 4, 1),
(767, '2023-11-17 15:06:32', '2023-11-17 15:06:32', 9, 1),
(768, '2023-11-17 15:06:34', '2023-11-17 15:06:34', 1, 1),
(769, '2023-11-18 15:06:39', '2023-11-18 15:06:39', 9, 1),
(770, '2023-11-18 15:06:41', '2023-11-18 15:06:41', 4, 1),
(771, '2023-11-19 15:06:46', '2023-11-19 15:06:46', 9, 1),
(772, '2023-11-19 15:06:47', '2023-11-19 15:06:47', 1, 1),
(773, '2023-11-21 15:06:52', '2023-11-21 15:06:52', 1, 1),
(774, '2023-11-20 15:06:56', '2023-11-20 15:06:56', 9, 1),
(775, '2023-11-20 15:06:58', '2023-11-20 15:06:58', 4, 1),
(776, '2023-11-21 15:07:03', '2023-11-21 15:07:03', 9, 1),
(777, '2023-11-22 15:07:08', '2023-11-22 15:07:08', 9, 1),
(778, '2023-11-22 15:07:10', '2023-11-22 15:07:10', 4, 1),
(779, '2023-11-22 15:07:12', '2023-11-22 15:07:12', 10, 1),
(780, '2023-11-23 15:07:17', '2023-11-23 15:07:17', 9, 1),
(781, '2023-11-23 15:07:19', '2023-11-23 15:07:19', 1, 1),
(782, '2023-11-24 15:07:23', '2023-11-24 15:07:23', 9, 1),
(783, '2023-11-25 15:07:29', '2023-11-25 15:07:29', 9, 1),
(784, '2023-11-24 15:07:35', '2023-11-24 15:07:35', 4, 1),
(785, '2023-11-24 15:06:58', '2023-11-20 15:06:58', 13, 1),
(786, '2023-11-24 15:06:58', '2023-11-20 15:06:58', 14, 1),
(787, '2023-11-25 00:00:00', '2023-11-25 00:00:00', 1, 1),
(788, '2023-11-26 21:24:50', '2023-11-26 21:24:50', 4, 1),
(789, '2023-11-26 21:24:52', '2023-11-26 21:24:52', 9, 1),
(790, '2023-11-25 21:24:58', '2023-11-25 21:24:58', 13, 1),
(791, '2023-11-25 21:25:00', '2023-11-25 21:25:00', 14, 1),
(792, '2023-11-27 03:26:38', '2023-11-27 03:26:38', 1, 1),
(793, '2023-11-27 22:44:25', '2023-11-27 22:44:25', 9, 1),
(794, '2023-11-26 22:44:33', '2023-11-26 22:44:33', 13, 1),
(795, '2023-11-26 22:44:36', '2023-11-26 22:44:36', 14, 1),
(796, '2023-11-27 22:44:47', '2023-11-27 22:44:47', 13, 1),
(797, '2023-11-27 22:44:50', '2023-11-27 22:44:50', 14, 1),
(798, '2023-11-28 22:46:00', '2023-11-28 22:46:00', 13, 1),
(799, '2023-11-28 22:46:05', '2023-11-28 22:46:05', 4, 1),
(800, '2023-11-29 00:34:45', '2023-11-29 00:34:45', 13, 1),
(801, '2023-11-29 00:34:51', '2023-11-29 00:34:51', 1, 1),
(802, '2023-11-30 00:10:04', '2023-11-30 00:10:04', 13, 1),
(803, '2023-11-30 00:10:07', '2023-11-30 00:10:07', 4, 1),
(804, '2023-12-01 00:00:00', '2023-12-01 00:00:00', 1, 1),
(805, '2023-12-01 12:12:25', '2023-12-01 12:12:25', 13, 1),
(806, '2023-12-02 12:19:44', '2023-12-02 12:19:44', 4, 1),
(807, '2023-12-03 00:00:00', '2023-12-03 00:00:00', 8, 1),
(808, '2023-12-03 00:00:00', '2023-12-03 00:00:00', 1, 1),
(809, '2023-12-02 21:01:45', '2023-12-02 21:01:45', 13, 1),
(810, '2023-12-04 21:02:48', '2023-12-04 21:02:48', 4, 1),
(811, '2023-11-28 11:50:25', '2023-11-28 11:50:25', 14, 1),
(812, '2023-11-28 11:50:27', '2023-11-28 11:50:27', 9, 1),
(813, '2023-11-29 11:50:32', '2023-11-29 11:50:32', 9, 1),
(814, '2023-11-29 11:50:34', '2023-11-29 11:50:34', 14, 1),
(815, '2023-11-30 11:50:42', '2023-11-30 11:50:42', 14, 1),
(816, '2023-11-30 11:50:44', '2023-11-30 11:50:44', 9, 1),
(817, '2023-12-01 11:50:53', '2023-12-01 11:50:53', 9, 1),
(818, '2023-12-01 11:50:55', '2023-12-01 11:50:55', 14, 1),
(819, '2023-12-02 11:51:00', '2023-12-02 11:51:00', 14, 1),
(820, '2023-12-02 11:51:02', '2023-12-02 11:51:02', 9, 1),
(821, '2023-12-03 11:51:08', '2023-12-03 11:51:08', 9, 1),
(822, '2023-12-03 11:51:11', '2023-12-03 11:51:11', 14, 1),
(823, '2023-12-03 11:51:13', '2023-12-03 11:51:13', 13, 1),
(824, '2023-12-04 11:51:21', '2023-12-04 11:51:21', 9, 1),
(825, '2023-12-04 11:51:23', '2023-12-04 11:51:23', 14, 1),
(826, '2023-12-04 11:51:25', '2023-12-04 11:51:25', 13, 1),
(827, '2023-12-05 11:51:32', '2023-12-05 11:51:32', 9, 1),
(828, '2023-12-05 11:52:25', '2023-12-05 11:52:25', 1, 1);

-- --------------------------------------------------------

--
-- Estructura de tabla para la tabla `medicines`
--

CREATE TABLE `medicines` (
  `id` int NOT NULL,
  `name` varchar(250) DEFAULT NULL,
  `status` int DEFAULT NULL,
  `descript` varchar(250) DEFAULT NULL,
  `quantity` int DEFAULT NULL,
  `interval_days` int DEFAULT NULL,
  `created_at` datetime DEFAULT NULL,
  `update_at` datetime DEFAULT NULL,
  `is_quantity` int DEFAULT NULL,
  `order_` int DEFAULT NULL
) ENGINE=InnoDB DEFAULT CHARSET=utf8mb4 COLLATE=utf8mb4_0900_ai_ci;

--
-- Volcado de datos para la tabla `medicines`
--

INSERT INTO `medicines` (`id`, `name`, `status`, `descript`, `quantity`, `interval_days`, `created_at`, `update_at`, `is_quantity`, `order_`) VALUES
(1, 'dutasterida', 1, 'Día por medio', 16, 2, '2023-02-04 16:09:36', '2023-02-04 16:09:36', 1, 1),
(2, 'vitamina d', 1, 'Una semanal', 12, 6, '2023-02-04 16:09:36', '2023-02-04 16:09:36', 1, 4),
(3, 'vitamina c', 1, 'Una dosis diaria', 53, 2, '2023-02-04 16:09:36', '2023-02-04 16:09:36', 1, 3),
(4, 'vitaminas dtr pulido', 1, 'Día por medio', 13, 2, '2023-02-04 16:09:50', '2023-02-04 16:09:50', 1, 2),
(5, 'tricobit', 1, 'diario', -15, 3, '2023-02-04 16:09:50', '2023-02-04 16:09:50', 0, NULL),
(7, 'colgate', 1, 'diario', -8, 1, '2023-02-04 16:09:50', '2023-02-04 16:09:50', 0, NULL),
(8, 'Peluqueada', 1, 'diario', -20, 30, '2023-02-04 16:09:50', '2023-02-04 16:09:50', 0, NULL),
(9, 'llt', 1, 'diario', -324, 1, '2023-02-04 16:09:50', '2023-02-04 16:09:50', 0, NULL),
(10, 'recorte bello', 1, '15 días', -19, 15, '2023-02-04 16:09:50', '2023-02-04 16:09:50', 0, NULL),
(11, 'lubriden', 1, 'Dia por medio', -16, 2, '2023-02-04 16:09:50', '2023-02-04 16:09:50', 0, NULL),
(12, 'biotin', 1, 'N/A', 13, 6, '2023-02-04 16:09:50', '2023-02-04 16:09:50', 1, 5),
(13, 'cicatricure', 1, NULL, -10, 1, '2023-02-04 16:09:50', '2023-02-04 16:09:50', 0, 6),
(14, 'ojer', 1, NULL, -10, 1, '2023-02-04 16:09:50', '2023-02-04 16:09:50', 0, 7);

-- --------------------------------------------------------

--
-- Estructura de tabla para la tabla `migrations`
--

CREATE TABLE `migrations` (
  `id` int UNSIGNED NOT NULL,
  `migration` varchar(191) CHARACTER SET utf8mb4 COLLATE utf8mb4_unicode_ci NOT NULL,
  `batch` int NOT NULL
) ENGINE=InnoDB DEFAULT CHARSET=utf8mb4 COLLATE=utf8mb4_unicode_ci;

--
-- Volcado de datos para la tabla `migrations`
--

INSERT INTO `migrations` (`id`, `migration`, `batch`) VALUES
(54, '2014_10_12_000000_create_users_table', 1),
(55, '2014_10_12_100000_create_password_resets_table', 1),
(56, '2016_06_01_000001_create_oauth_auth_codes_table', 1),
(57, '2016_06_01_000002_create_oauth_access_tokens_table', 1),
(58, '2016_06_01_000003_create_oauth_refresh_tokens_table', 1),
(59, '2016_06_01_000004_create_oauth_clients_table', 1),
(60, '2016_06_01_000005_create_oauth_personal_access_clients_table', 1),
(61, '2019_08_19_000000_create_failed_jobs_table', 1),
(62, '2019_12_14_000001_create_personal_access_tokens_table', 1),
(63, '2021_09_06_113336_create_blogs_table', 1),
(64, '2023_12_06_121955_create_permission_tables', 1);

-- --------------------------------------------------------

--
-- Estructura de tabla para la tabla `model_has_permissions`
--

CREATE TABLE `model_has_permissions` (
  `permission_id` bigint UNSIGNED NOT NULL,
  `model_type` varchar(191) COLLATE utf8mb4_unicode_ci NOT NULL,
  `model_id` bigint UNSIGNED NOT NULL
) ENGINE=InnoDB DEFAULT CHARSET=utf8mb4 COLLATE=utf8mb4_unicode_ci;

--
-- Volcado de datos para la tabla `model_has_permissions`
--

INSERT INTO `model_has_permissions` (`permission_id`, `model_type`, `model_id`) VALUES
(27, 'App\\Models\\User', 1),
(28, 'App\\Models\\User', 1),
(29, 'App\\Models\\User', 1),
(32, 'App\\Models\\User', 1),
(33, 'App\\Models\\User', 1),
(34, 'App\\Models\\User', 1),
(41, 'App\\Models\\User', 1);

-- --------------------------------------------------------

--
-- Estructura de tabla para la tabla `model_has_roles`
--

CREATE TABLE `model_has_roles` (
  `role_id` bigint UNSIGNED NOT NULL,
  `model_type` varchar(191) COLLATE utf8mb4_unicode_ci NOT NULL,
  `model_id` bigint UNSIGNED NOT NULL
) ENGINE=InnoDB DEFAULT CHARSET=utf8mb4 COLLATE=utf8mb4_unicode_ci;

--
-- Volcado de datos para la tabla `model_has_roles`
--

INSERT INTO `model_has_roles` (`role_id`, `model_type`, `model_id`) VALUES
(1, 'App\\Models\\User', 1);

-- --------------------------------------------------------

--
-- Estructura de tabla para la tabla `oauth_access_tokens`
--

CREATE TABLE `oauth_access_tokens` (
  `id` varchar(100) COLLATE utf8mb4_unicode_ci NOT NULL,
  `user_id` bigint UNSIGNED DEFAULT NULL,
  `client_id` bigint UNSIGNED NOT NULL,
  `name` varchar(191) COLLATE utf8mb4_unicode_ci DEFAULT NULL,
  `scopes` text COLLATE utf8mb4_unicode_ci,
  `revoked` tinyint(1) NOT NULL,
  `created_at` timestamp NULL DEFAULT NULL,
  `updated_at` timestamp NULL DEFAULT NULL,
  `expires_at` datetime DEFAULT NULL
) ENGINE=InnoDB DEFAULT CHARSET=utf8mb4 COLLATE=utf8mb4_unicode_ci;

-- --------------------------------------------------------

--
-- Estructura de tabla para la tabla `oauth_auth_codes`
--

CREATE TABLE `oauth_auth_codes` (
  `id` varchar(100) COLLATE utf8mb4_unicode_ci NOT NULL,
  `user_id` bigint UNSIGNED NOT NULL,
  `client_id` bigint UNSIGNED NOT NULL,
  `scopes` text COLLATE utf8mb4_unicode_ci,
  `revoked` tinyint(1) NOT NULL,
  `expires_at` datetime DEFAULT NULL
) ENGINE=InnoDB DEFAULT CHARSET=utf8mb4 COLLATE=utf8mb4_unicode_ci;

-- --------------------------------------------------------

--
-- Estructura de tabla para la tabla `oauth_clients`
--

CREATE TABLE `oauth_clients` (
  `id` bigint UNSIGNED NOT NULL,
  `user_id` bigint UNSIGNED DEFAULT NULL,
  `name` varchar(191) COLLATE utf8mb4_unicode_ci NOT NULL,
  `secret` varchar(100) COLLATE utf8mb4_unicode_ci DEFAULT NULL,
  `provider` varchar(191) COLLATE utf8mb4_unicode_ci DEFAULT NULL,
  `redirect` text COLLATE utf8mb4_unicode_ci NOT NULL,
  `personal_access_client` tinyint(1) NOT NULL,
  `password_client` tinyint(1) NOT NULL,
  `revoked` tinyint(1) NOT NULL,
  `created_at` timestamp NULL DEFAULT NULL,
  `updated_at` timestamp NULL DEFAULT NULL
) ENGINE=InnoDB DEFAULT CHARSET=utf8mb4 COLLATE=utf8mb4_unicode_ci;

-- --------------------------------------------------------

--
-- Estructura de tabla para la tabla `oauth_personal_access_clients`
--

CREATE TABLE `oauth_personal_access_clients` (
  `id` bigint UNSIGNED NOT NULL,
  `client_id` bigint UNSIGNED NOT NULL,
  `created_at` timestamp NULL DEFAULT NULL,
  `updated_at` timestamp NULL DEFAULT NULL
) ENGINE=InnoDB DEFAULT CHARSET=utf8mb4 COLLATE=utf8mb4_unicode_ci;

-- --------------------------------------------------------

--
-- Estructura de tabla para la tabla `oauth_refresh_tokens`
--

CREATE TABLE `oauth_refresh_tokens` (
  `id` varchar(100) COLLATE utf8mb4_unicode_ci NOT NULL,
  `access_token_id` varchar(100) COLLATE utf8mb4_unicode_ci NOT NULL,
  `revoked` tinyint(1) NOT NULL,
  `expires_at` datetime DEFAULT NULL
) ENGINE=InnoDB DEFAULT CHARSET=utf8mb4 COLLATE=utf8mb4_unicode_ci;

-- --------------------------------------------------------

--
-- Estructura de tabla para la tabla `password_resets`
--

CREATE TABLE `password_resets` (
  `email` varchar(191) COLLATE utf8mb4_unicode_ci NOT NULL,
  `token` varchar(191) COLLATE utf8mb4_unicode_ci NOT NULL,
  `created_at` timestamp NULL DEFAULT NULL
) ENGINE=InnoDB DEFAULT CHARSET=utf8mb4 COLLATE=utf8mb4_unicode_ci;

-- --------------------------------------------------------

--
-- Estructura de tabla para la tabla `permissions`
--

CREATE TABLE `permissions` (
  `id` bigint UNSIGNED NOT NULL,
  `name` varchar(191) COLLATE utf8mb4_unicode_ci NOT NULL,
  `guard_name` varchar(191) COLLATE utf8mb4_unicode_ci NOT NULL,
  `created_at` timestamp NULL DEFAULT NULL,
  `updated_at` timestamp NULL DEFAULT NULL
) ENGINE=InnoDB DEFAULT CHARSET=utf8mb4 COLLATE=utf8mb4_unicode_ci;

--
-- Volcado de datos para la tabla `permissions`
--

INSERT INTO `permissions` (`id`, `name`, `guard_name`, `created_at`, `updated_at`) VALUES
(1, 'table.medication', 'api', '2023-12-09 06:30:17', '2023-12-09 06:30:17'),
(27, 'table.medication2', 'api', '2023-12-09 06:30:17', '2023-12-09 06:30:17'),
(28, 'table.medication3', 'api', '2023-12-09 06:30:17', '2023-12-09 06:30:17'),
(29, 'table.medication4', 'api', '2023-12-09 06:30:17', '2023-12-09 06:30:17'),
(30, 'table.medication5', 'api', '2023-12-09 06:30:17', '2023-12-09 06:30:17'),
(31, 'table.medication6', 'api', '2023-12-09 06:30:17', '2023-12-09 06:30:17'),
(32, 'table.medication7', 'api', '2023-12-09 06:30:17', '2023-12-09 06:30:17'),
(33, 'table.medication8', 'api', '2023-12-09 06:30:17', '2023-12-09 06:30:17'),
(34, 'table.medication9', 'api', '2023-12-09 06:30:17', '2023-12-09 06:30:17'),
(35, 'table.medication10', 'api', '2023-12-09 06:30:17', '2023-12-09 06:30:17'),
(36, 'table.medication11', 'api', '2023-12-09 06:30:17', '2023-12-09 06:30:17'),
(37, 'table.medication12', 'api', '2023-12-09 06:30:17', '2023-12-09 06:30:17'),
(38, 'table.medication13', 'api', '2023-12-09 06:30:17', '2023-12-09 06:30:17'),
(39, 'table.medication14', 'api', '2023-12-09 06:30:17', '2023-12-09 06:30:17'),
(40, 'table.medication15', 'api', '2023-12-09 06:30:17', '2023-12-09 06:30:17'),
(41, 'user.control', 'api', '2023-12-09 06:30:17', '2023-12-09 06:30:17');

-- --------------------------------------------------------

--
-- Estructura de tabla para la tabla `permission_role`
--

CREATE TABLE `permission_role` (
  `permission_id` bigint UNSIGNED NOT NULL,
  `role_id` bigint UNSIGNED NOT NULL
) ENGINE=InnoDB DEFAULT CHARSET=utf8mb4 COLLATE=utf8mb4_0900_ai_ci;

--
-- Volcado de datos para la tabla `permission_role`
--

INSERT INTO `permission_role` (`permission_id`, `role_id`) VALUES
(27, 1),
(28, 1),
(29, 1),
(30, 1),
(31, 1),
(32, 1),
(33, 1),
(34, 1),
(35, 1),
(36, 1),
(37, 1),
(38, 1),
(39, 1),
(40, 1);

-- --------------------------------------------------------

--
-- Estructura de tabla para la tabla `personal_access_tokens`
--

CREATE TABLE `personal_access_tokens` (
  `id` bigint UNSIGNED NOT NULL,
  `tokenable_type` varchar(191) COLLATE utf8mb4_unicode_ci NOT NULL,
  `tokenable_id` bigint UNSIGNED NOT NULL,
  `name` varchar(191) COLLATE utf8mb4_unicode_ci NOT NULL,
  `token` varchar(64) COLLATE utf8mb4_unicode_ci NOT NULL,
  `abilities` text COLLATE utf8mb4_unicode_ci,
  `last_used_at` timestamp NULL DEFAULT NULL,
  `created_at` timestamp NULL DEFAULT NULL,
  `updated_at` timestamp NULL DEFAULT NULL
) ENGINE=InnoDB DEFAULT CHARSET=utf8mb4 COLLATE=utf8mb4_unicode_ci;

--
-- Volcado de datos para la tabla `personal_access_tokens`
--

INSERT INTO `personal_access_tokens` (`id`, `tokenable_type`, `tokenable_id`, `name`, `token`, `abilities`, `last_used_at`, `created_at`, `updated_at`) VALUES
(1, 'App\\Models\\User', 1, 'auth_token', '88b8d39861d7b3c45dd6d070426e8ae6afc76dd77d7ee149903677a33fabee12', '[\"*\"]', '2023-12-09 07:04:19', '2023-12-09 06:38:17', '2023-12-09 07:04:19'),
(2, 'App\\Models\\User', 1, 'auth_token', 'dfb243d80c2ca5dd7ee0cb8c92464669163fdc8008bc0eb91ebf6eb7063ab3dc', '[\"*\"]', '2023-12-09 07:05:53', '2023-12-09 07:04:19', '2023-12-09 07:05:53'),
(3, 'App\\Models\\User', 1, 'auth_token', '5c74103ba88eedf27cd0c79dc20bca1ae3c03ea3400b91b69c9a4c04cb2afebe', '[\"*\"]', '2023-12-09 07:06:42', '2023-12-09 07:05:53', '2023-12-09 07:06:42'),
(4, 'App\\Models\\User', 1, 'auth_token', '079d47541db70bb201e9efe1f83cd193328364570e5ed293687cad108e1eaeac', '[\"*\"]', '2023-12-09 07:08:46', '2023-12-09 07:06:42', '2023-12-09 07:08:46'),
(5, 'App\\Models\\User', 1, 'auth_token', '9a7d436181c1bb6b2773ef6f3884c4623a0d8487e40afd998223f5e02e47cf16', '[\"*\"]', '2023-12-09 07:53:54', '2023-12-09 07:08:46', '2023-12-09 07:53:54'),
(6, 'App\\Models\\User', 1, 'auth_token', 'dbbdc4910b98dcdba557f1af6224192f74b515459ab209c8e162e15d28a31bfa', '[\"*\"]', NULL, '2023-12-09 07:18:19', '2023-12-09 07:18:19'),
(7, 'App\\Models\\User', 1, 'auth_token', '9bdf83359ae42864f0c95e6cfe23d7bc8e9d07bbdba6c7aa82ff8520410daa35', '[\"*\"]', '2023-12-09 07:23:10', '2023-12-09 07:21:02', '2023-12-09 07:23:10'),
(8, 'App\\Models\\User', 1, 'auth_token', 'c557506c6a09bda8c63634c9e6682bf754d3b40cb989f0961e0a6ff139722770', '[\"*\"]', '2023-12-09 07:22:51', '2023-12-09 07:22:29', '2023-12-09 07:22:51'),
(9, 'App\\Models\\User', 1, 'auth_token', '7e18b35a45dcbbeb7781a225b55eb7bd0f5b73c1ef7010adc1df229af3cecea6', '[\"*\"]', '2023-12-09 07:25:16', '2023-12-09 07:22:51', '2023-12-09 07:25:16'),
(10, 'App\\Models\\User', 1, 'auth_token', '1b42b9bca86be25b3de44c0f58ccfe095827ffcc4ca750f31d2f710d39ab796f', '[\"*\"]', '2023-12-09 08:06:43', '2023-12-09 07:25:16', '2023-12-09 08:06:43'),
(11, 'App\\Models\\User', 1, 'auth_token', '3f812d3e0e2884a286a2dba3316923b91d55c8877384e66d27a1db90d51e48ad', '[\"*\"]', '2023-12-09 07:38:32', '2023-12-09 07:28:02', '2023-12-09 07:38:32'),
(12, 'App\\Models\\User', 1, 'auth_token', 'ab879a558c140076cb262f6665a75ad852b8c6a6b1d4f593784c51c85658d0ef', '[\"*\"]', '2023-12-09 08:17:44', '2023-12-09 07:53:54', '2023-12-09 08:17:44'),
(13, 'App\\Models\\User', 1, 'auth_token', 'e2f69617f82031a0c23a2d140bb06c30c1de61e1c9f8b04a5c92e34ab0a1c421', '[\"*\"]', '2023-12-09 08:24:03', '2023-12-09 08:17:44', '2023-12-09 08:24:03'),
(14, 'App\\Models\\User', 1, 'auth_token', 'c8bbfae902be098a3934b2ccdb80c634e084291e27000a7b1a6b4ea5a242d969', '[\"*\"]', '2023-12-09 08:49:48', '2023-12-09 08:24:03', '2023-12-09 08:49:48'),
(15, 'App\\Models\\User', 1, 'auth_token', 'b8b5e181319761f563c6a4b6954862e4f293779f39c953b49fce7ed208d434cd', '[\"*\"]', '2023-12-09 09:13:51', '2023-12-09 08:49:48', '2023-12-09 09:13:51'),
(16, 'App\\Models\\User', 1, 'auth_token', '593b0b00217260413b9266e833bc33d5cc50e18798f52cccd76eb39932581ff7', '[\"*\"]', '2023-12-09 09:15:27', '2023-12-09 09:13:51', '2023-12-09 09:15:27'),
(17, 'App\\Models\\User', 1, 'auth_token', 'b14ae9f3619832a56783e9679c081c47509d12a65b0578f78d5cfd47f0ffcf25', '[\"*\"]', '2023-12-09 09:20:20', '2023-12-09 09:15:27', '2023-12-09 09:20:20'),
(18, 'App\\Models\\User', 1, 'auth_token', '9aef7c35e16bed7865e321c057c07377b2b3dfa031dbb6a16b3f5d13834e91d7', '[\"*\"]', NULL, '2023-12-09 09:17:32', '2023-12-09 09:17:32'),
(19, 'App\\Models\\User', 1, 'auth_token', '6ded20610ee0adf74793c85fc127b067c56e54f155cf3f0165b90fb7efe89fc3', '[\"*\"]', NULL, '2023-12-09 09:19:25', '2023-12-09 09:19:25'),
(20, 'App\\Models\\User', 1, 'auth_token', '2fc94e8a2d29a0c658dac5766931bf6c7f392751f2f2566cf06df837b812acb9', '[\"*\"]', '2023-12-09 09:22:11', '2023-12-09 09:20:20', '2023-12-09 09:22:11'),
(21, 'App\\Models\\User', 1, 'auth_token', '78296c6df2a5b7f43275f6a32ddf9aa74910eeba5bbe48c51fb3e86b13b29181', '[\"*\"]', '2023-12-09 09:24:26', '2023-12-09 09:22:11', '2023-12-09 09:24:26'),
(22, 'App\\Models\\User', 1, 'auth_token', 'c61184ec7e7a68b63e084e262e603afd2e9d4fbb1856b49b4fe99dae02a69850', '[\"*\"]', '2023-12-09 09:26:05', '2023-12-09 09:24:26', '2023-12-09 09:26:05'),
(23, 'App\\Models\\User', 1, 'auth_token', 'dfdf0f43e5642b510c9110e58cef81d312feb4b7b6f83307246d48aff3c6e240', '[\"*\"]', '2023-12-09 09:26:19', '2023-12-09 09:26:05', '2023-12-09 09:26:19');

-- --------------------------------------------------------

--
-- Estructura de tabla para la tabla `roles`
--

CREATE TABLE `roles` (
  `id` bigint UNSIGNED NOT NULL,
  `name` varchar(191) COLLATE utf8mb4_unicode_ci NOT NULL,
  `guard_name` varchar(191) COLLATE utf8mb4_unicode_ci NOT NULL,
  `created_at` timestamp NULL DEFAULT NULL,
  `updated_at` timestamp NULL DEFAULT NULL
) ENGINE=InnoDB DEFAULT CHARSET=utf8mb4 COLLATE=utf8mb4_unicode_ci;

--
-- Volcado de datos para la tabla `roles`
--

INSERT INTO `roles` (`id`, `name`, `guard_name`, `created_at`, `updated_at`) VALUES
(1, 'Admin', 'api', '2023-12-09 06:30:17', '2023-12-09 06:30:17'),
(2, 'Consultor', 'api', '2023-12-09 06:30:17', '2023-12-09 06:30:17');

-- --------------------------------------------------------

--
-- Estructura de tabla para la tabla `role_has_permissions`
--

CREATE TABLE `role_has_permissions` (
  `permission_id` bigint UNSIGNED NOT NULL,
  `role_id` bigint UNSIGNED NOT NULL
) ENGINE=InnoDB DEFAULT CHARSET=utf8mb4 COLLATE=utf8mb4_unicode_ci;

-- --------------------------------------------------------

--
-- Estructura de tabla para la tabla `tweets`
--

CREATE TABLE `tweets` (
  `id` int NOT NULL,
  `fecha` longtext,
  `url` longtext,
  `lenguaje` longtext,
  `re_tweets` longtext,
  `tweet_id` longtext,
  `contenido` longtext,
  `user` longtext
) ENGINE=InnoDB DEFAULT CHARSET=utf8mb4 COLLATE=utf8mb4_0900_ai_ci;

--
-- Volcado de datos para la tabla `tweets`
--

INSERT INTO `tweets` (`id`, `fecha`, `url`, `lenguaje`, `re_tweets`, `tweet_id`, `contenido`, `user`) VALUES
(1, '', 'https://twitter.com/Andreacely2970/status/1597792559094697984', 'es', '0', '1597792559094697984', '@FSanador @LaikaMascotas @juliherrerap Hermosos, los comprendo mucho y admiro  🤩. Ojalá pudiéramos apoyarnos entre todos 🙏', 'Andreacely2970'),
(2, '', 'https://twitter.com/Andreacely2970/status/1597792559094697984', 'es', '0', '1597792559094697984', '@FSanador @LaikaMascotas @juliherrerap Hermosos, los comprendo mucho y admiro  🤩. Ojalá pudiéramos apoyarnos entre todos 🙏', 'Andreacely2970');

-- --------------------------------------------------------

--
-- Estructura de tabla para la tabla `users`
--

CREATE TABLE `users` (
  `id` bigint UNSIGNED NOT NULL,
  `name` varchar(191) COLLATE utf8mb4_unicode_ci NOT NULL,
  `email` varchar(191) COLLATE utf8mb4_unicode_ci NOT NULL,
  `email_verified_at` timestamp NULL DEFAULT NULL,
  `password` varchar(191) COLLATE utf8mb4_unicode_ci NOT NULL,
  `remember_token` varchar(100) COLLATE utf8mb4_unicode_ci DEFAULT NULL,
  `created_at` timestamp NULL DEFAULT NULL,
  `updated_at` timestamp NULL DEFAULT NULL
) ENGINE=InnoDB DEFAULT CHARSET=utf8mb4 COLLATE=utf8mb4_unicode_ci;

--
-- Volcado de datos para la tabla `users`
--

INSERT INTO `users` (`id`, `name`, `email`, `email_verified_at`, `password`, `remember_token`, `created_at`, `updated_at`) VALUES
(1, 'Javier Reyes Neira', 'jav-rn@outlook.com', NULL, '$2y$10$3bHs9tySr64PGnSqiUCbrOrFV0019P4rh36vwrkp97KdEMH.Kc2gq', NULL, NULL, NULL);

-- --------------------------------------------------------

--
-- Estructura de tabla para la tabla `user_medicines`
--

CREATE TABLE `user_medicines` (
  `id` int NOT NULL,
  `user_id` int DEFAULT NULL,
  `medicine_id` int DEFAULT NULL,
  `created_at` datetime DEFAULT NULL,
  `updated_at` datetime DEFAULT NULL
) ENGINE=InnoDB DEFAULT CHARSET=utf8mb4 COLLATE=utf8mb4_0900_ai_ci;

--
-- Volcado de datos para la tabla `user_medicines`
--

INSERT INTO `user_medicines` (`id`, `user_id`, `medicine_id`, `created_at`, `updated_at`) VALUES
(11, 1, 1, '2023-02-04 16:09:50', '2023-02-04 16:09:50'),
(12, 1, 2, '2023-02-04 16:09:50', '2023-02-04 16:09:50'),
(13, 1, 3, '2023-02-04 16:09:50', '2023-02-04 16:09:50'),
(14, 1, 4, '2023-02-04 16:09:50', '2023-02-04 16:09:50'),
(15, 1, 5, '2023-02-04 16:09:50', '2023-02-04 16:09:50'),
(17, 1, 7, '2023-02-04 16:09:50', '2023-02-04 16:09:50'),
(18, 1, 8, '2023-02-04 16:09:50', '2023-02-04 16:09:50'),
(19, 1, 9, '2023-02-04 16:09:50', '2023-02-04 16:09:50'),
(24, 1, 10, '2023-02-04 16:09:50', '2023-02-04 16:09:50'),
(25, 1, 11, '2023-02-04 16:09:50', '2023-02-04 16:09:50'),
(26, 1, 12, '2023-02-04 16:09:50', '2023-02-04 16:09:50'),
(27, 1, 14, '2023-02-04 16:09:50', '2023-02-04 16:09:50'),
(28, 1, 13, '2023-02-04 16:09:50', '2023-02-04 16:09:50');

--
-- Índices para tablas volcadas
--

--
-- Indices de la tabla `blogs`
--
ALTER TABLE `blogs`
  ADD PRIMARY KEY (`id`);

--
-- Indices de la tabla `failed_jobs`
--
ALTER TABLE `failed_jobs`
  ADD PRIMARY KEY (`id`),
  ADD UNIQUE KEY `failed_jobs_uuid_unique` (`uuid`);

--
-- Indices de la tabla `investments`
--
ALTER TABLE `investments`
  ADD PRIMARY KEY (`id`),
  ADD KEY `fk_investment_type` (`investment_type_id`);

--
-- Indices de la tabla `investments_types`
--
ALTER TABLE `investments_types`
  ADD PRIMARY KEY (`id`);

--
-- Indices de la tabla `investment_payments`
--
ALTER TABLE `investment_payments`
  ADD PRIMARY KEY (`id`),
  ADD KEY `fk_investment_payments` (`investment_id`);

--
-- Indices de la tabla `log_medicines`
--
ALTER TABLE `log_medicines`
  ADD PRIMARY KEY (`id`),
  ADD KEY `log_medicines_fk_medicines` (`medicine_id`);

--
-- Indices de la tabla `medicines`
--
ALTER TABLE `medicines`
  ADD PRIMARY KEY (`id`);

--
-- Indices de la tabla `migrations`
--
ALTER TABLE `migrations`
  ADD PRIMARY KEY (`id`);

--
-- Indices de la tabla `model_has_permissions`
--
ALTER TABLE `model_has_permissions`
  ADD PRIMARY KEY (`permission_id`,`model_id`,`model_type`),
  ADD KEY `model_has_permissions_model_id_model_type_index` (`model_id`,`model_type`);

--
-- Indices de la tabla `model_has_roles`
--
ALTER TABLE `model_has_roles`
  ADD PRIMARY KEY (`role_id`,`model_id`,`model_type`),
  ADD KEY `model_has_roles_model_id_model_type_index` (`model_id`,`model_type`);

--
-- Indices de la tabla `oauth_access_tokens`
--
ALTER TABLE `oauth_access_tokens`
  ADD PRIMARY KEY (`id`),
  ADD KEY `oauth_access_tokens_user_id_index` (`user_id`);

--
-- Indices de la tabla `oauth_auth_codes`
--
ALTER TABLE `oauth_auth_codes`
  ADD PRIMARY KEY (`id`),
  ADD KEY `oauth_auth_codes_user_id_index` (`user_id`);

--
-- Indices de la tabla `oauth_clients`
--
ALTER TABLE `oauth_clients`
  ADD PRIMARY KEY (`id`),
  ADD KEY `oauth_clients_user_id_index` (`user_id`);

--
-- Indices de la tabla `oauth_personal_access_clients`
--
ALTER TABLE `oauth_personal_access_clients`
  ADD PRIMARY KEY (`id`);

--
-- Indices de la tabla `oauth_refresh_tokens`
--
ALTER TABLE `oauth_refresh_tokens`
  ADD PRIMARY KEY (`id`),
  ADD KEY `oauth_refresh_tokens_access_token_id_index` (`access_token_id`);

--
-- Indices de la tabla `password_resets`
--
ALTER TABLE `password_resets`
  ADD KEY `password_resets_email_index` (`email`);

--
-- Indices de la tabla `permissions`
--
ALTER TABLE `permissions`
  ADD PRIMARY KEY (`id`),
  ADD UNIQUE KEY `permissions_name_guard_name_unique` (`name`,`guard_name`);

--
-- Indices de la tabla `permission_role`
--
ALTER TABLE `permission_role`
  ADD PRIMARY KEY (`permission_id`,`role_id`),
  ADD KEY `role_id` (`role_id`);

--
-- Indices de la tabla `personal_access_tokens`
--
ALTER TABLE `personal_access_tokens`
  ADD PRIMARY KEY (`id`),
  ADD UNIQUE KEY `personal_access_tokens_token_unique` (`token`),
  ADD KEY `personal_access_tokens_tokenable_type_tokenable_id_index` (`tokenable_type`,`tokenable_id`);

--
-- Indices de la tabla `roles`
--
ALTER TABLE `roles`
  ADD PRIMARY KEY (`id`),
  ADD UNIQUE KEY `roles_name_guard_name_unique` (`name`,`guard_name`);

--
-- Indices de la tabla `role_has_permissions`
--
ALTER TABLE `role_has_permissions`
  ADD PRIMARY KEY (`permission_id`,`role_id`),
  ADD KEY `role_has_permissions_role_id_foreign` (`role_id`);

--
-- Indices de la tabla `tweets`
--
ALTER TABLE `tweets`
  ADD PRIMARY KEY (`id`);

--
-- Indices de la tabla `users`
--
ALTER TABLE `users`
  ADD PRIMARY KEY (`id`),
  ADD UNIQUE KEY `users_email_unique` (`email`);

--
-- Indices de la tabla `user_medicines`
--
ALTER TABLE `user_medicines`
  ADD PRIMARY KEY (`id`),
  ADD KEY `users_fk_medicines` (`medicine_id`);

--
-- AUTO_INCREMENT de las tablas volcadas
--

--
-- AUTO_INCREMENT de la tabla `blogs`
--
ALTER TABLE `blogs`
  MODIFY `id` bigint UNSIGNED NOT NULL AUTO_INCREMENT;

--
-- AUTO_INCREMENT de la tabla `failed_jobs`
--
ALTER TABLE `failed_jobs`
  MODIFY `id` bigint UNSIGNED NOT NULL AUTO_INCREMENT;

--
-- AUTO_INCREMENT de la tabla `investments`
--
ALTER TABLE `investments`
  MODIFY `id` int NOT NULL AUTO_INCREMENT, AUTO_INCREMENT=5;

--
-- AUTO_INCREMENT de la tabla `investments_types`
--
ALTER TABLE `investments_types`
  MODIFY `id` int NOT NULL AUTO_INCREMENT, AUTO_INCREMENT=4;

--
-- AUTO_INCREMENT de la tabla `investment_payments`
--
ALTER TABLE `investment_payments`
  MODIFY `id` int NOT NULL AUTO_INCREMENT, AUTO_INCREMENT=4;

--
-- AUTO_INCREMENT de la tabla `log_medicines`
--
ALTER TABLE `log_medicines`
  MODIFY `id` int NOT NULL AUTO_INCREMENT, AUTO_INCREMENT=829;

--
-- AUTO_INCREMENT de la tabla `medicines`
--
ALTER TABLE `medicines`
  MODIFY `id` int NOT NULL AUTO_INCREMENT, AUTO_INCREMENT=15;

--
-- AUTO_INCREMENT de la tabla `migrations`
--
ALTER TABLE `migrations`
  MODIFY `id` int UNSIGNED NOT NULL AUTO_INCREMENT, AUTO_INCREMENT=65;

--
-- AUTO_INCREMENT de la tabla `oauth_clients`
--
ALTER TABLE `oauth_clients`
  MODIFY `id` bigint UNSIGNED NOT NULL AUTO_INCREMENT;

--
-- AUTO_INCREMENT de la tabla `oauth_personal_access_clients`
--
ALTER TABLE `oauth_personal_access_clients`
  MODIFY `id` bigint UNSIGNED NOT NULL AUTO_INCREMENT;

--
-- AUTO_INCREMENT de la tabla `permissions`
--
ALTER TABLE `permissions`
  MODIFY `id` bigint UNSIGNED NOT NULL AUTO_INCREMENT, AUTO_INCREMENT=42;

--
-- AUTO_INCREMENT de la tabla `personal_access_tokens`
--
ALTER TABLE `personal_access_tokens`
  MODIFY `id` bigint UNSIGNED NOT NULL AUTO_INCREMENT, AUTO_INCREMENT=24;

--
-- AUTO_INCREMENT de la tabla `roles`
--
ALTER TABLE `roles`
  MODIFY `id` bigint UNSIGNED NOT NULL AUTO_INCREMENT, AUTO_INCREMENT=3;

--
-- AUTO_INCREMENT de la tabla `tweets`
--
ALTER TABLE `tweets`
  MODIFY `id` int NOT NULL AUTO_INCREMENT, AUTO_INCREMENT=3;

--
-- AUTO_INCREMENT de la tabla `users`
--
ALTER TABLE `users`
  MODIFY `id` bigint UNSIGNED NOT NULL AUTO_INCREMENT, AUTO_INCREMENT=2;

--
-- AUTO_INCREMENT de la tabla `user_medicines`
--
ALTER TABLE `user_medicines`
  MODIFY `id` int NOT NULL AUTO_INCREMENT, AUTO_INCREMENT=29;

--
-- Restricciones para tablas volcadas
--

--
-- Filtros para la tabla `investments`
--
ALTER TABLE `investments`
  ADD CONSTRAINT `fk_investment_type` FOREIGN KEY (`investment_type_id`) REFERENCES `investments_types` (`id`);

--
-- Filtros para la tabla `investment_payments`
--
ALTER TABLE `investment_payments`
  ADD CONSTRAINT `fk_investment_payments` FOREIGN KEY (`investment_id`) REFERENCES `investments` (`id`);

--
-- Filtros para la tabla `log_medicines`
--
ALTER TABLE `log_medicines`
  ADD CONSTRAINT `log_medicines_fk_medicines` FOREIGN KEY (`medicine_id`) REFERENCES `medicines` (`id`);

--
-- Filtros para la tabla `model_has_permissions`
--
ALTER TABLE `model_has_permissions`
  ADD CONSTRAINT `model_has_permissions_permission_id_foreign` FOREIGN KEY (`permission_id`) REFERENCES `permissions` (`id`) ON DELETE CASCADE;

--
-- Filtros para la tabla `model_has_roles`
--
ALTER TABLE `model_has_roles`
  ADD CONSTRAINT `model_has_roles_role_id_foreign` FOREIGN KEY (`role_id`) REFERENCES `roles` (`id`) ON DELETE CASCADE;

--
-- Filtros para la tabla `permission_role`
--
ALTER TABLE `permission_role`
  ADD CONSTRAINT `permission_role_ibfk_1` FOREIGN KEY (`permission_id`) REFERENCES `permissions` (`id`),
  ADD CONSTRAINT `permission_role_ibfk_2` FOREIGN KEY (`role_id`) REFERENCES `roles` (`id`);

--
-- Filtros para la tabla `role_has_permissions`
--
ALTER TABLE `role_has_permissions`
  ADD CONSTRAINT `role_has_permissions_permission_id_foreign` FOREIGN KEY (`permission_id`) REFERENCES `permissions` (`id`) ON DELETE CASCADE,
  ADD CONSTRAINT `role_has_permissions_role_id_foreign` FOREIGN KEY (`role_id`) REFERENCES `roles` (`id`) ON DELETE CASCADE;

--
-- Filtros para la tabla `user_medicines`
--
ALTER TABLE `user_medicines`
  ADD CONSTRAINT `users_fk_medicines` FOREIGN KEY (`medicine_id`) REFERENCES `medicines` (`id`) ON DELETE SET NULL ON UPDATE SET NULL;
COMMIT;

/*!40101 SET CHARACTER_SET_CLIENT=@OLD_CHARACTER_SET_CLIENT */;
/*!40101 SET CHARACTER_SET_RESULTS=@OLD_CHARACTER_SET_RESULTS */;
/*!40101 SET COLLATION_CONNECTION=@OLD_COLLATION_CONNECTION */;
